Workbook
Name IYD7460_: 'jan_26 (2)'!$D$2:$D$4
Name Placa: Planilha2!#REF!
Name placas: Planilha2!#REF!

Sheet Planilha2
A1: IUG8882 | B1: Wesley
A2: RKV1173 | B2: William
A3: LTY8B39 | B3: Gilberto
A4: IUG8855 | B4: Rosinaldo
A5: RJA2C91 | B5: Edilson
A6: IUG8744 | B6: Sandro
A7: IUG8767 | B7: Jerson
A8: IYD7460 | B8: Paulo
A9: IXY4731 | B9: Osvaldo
A10: IVX5G13 | B10: Heremilton
A11: TBO7E32 | B11: Manoel
A12: TRD2G21 | B12: Arnaldo

Sheet Terceiros
A1: Data | B1: Placa | C1: Carreta | D1: Motorista | E1: Valor Frete | F1: Valor Mercadoria | G1: Peso | H1: % Frete | I1: Hr Saida | J1: Hr Chegada | K1: Tempo | L1: Frete | M1: % Frete T | N1: Vols | O1: Qtde Entregas | P1: Entregas Realizadas | Q1: Retornadas | R1: % Entrega | S1: Meta | T1: Cidade Destino | U1: Nfs Voltaram | V1: Código ocorrência
A2: 46027 | B2: NXW6G67 | D2: Marinaldo | E2: 4275.3 | F2: 77009.21 | G2: 1483 | H2: =Tabela35[[#This Row],[Valor Frete]]/Tabela35[[#This Row],[Valor Mercadoria]] -> 0.055516736 | K2: =Tabela35[[#This Row],[Hr Chegada]]-Tabela35[[#This Row],[Hr Saida]] -> 0 | L2: 500 | M2: =Tabela35[[#This Row],[Frete]]/Tabela35[[#This Row],[Valor Frete]] -> 0.11695086 | N2: 45 | O2: 4 | P2: 4 | Q2: =Tabela35[[#This Row],[Qtde Entregas]]-Tabela35[[#This Row],[Entregas Realizadas]] -> 0 | R2: =Tabela35[[#This Row],[Entregas Realizadas]]/Tabela35[[#This Row],[Qtde Entregas]] -> 1 | S2: =IF(Tabela35[[#This Row],[% Entrega]]>=96%,"Atendeu a Meta","Não Atendeu a Meta") -> Atendeu a Meta | T2: Belém | U2: 0 | V2: 0
A3: 46238 | B3: NSE5B85 | D3: Silvio | E3: 7461.93 | F3: 46748.29 | G3: 457 | H3: =Tabela35[[#This Row],[Valor Frete]]/Tabela35[[#This Row],[Valor Mercadoria]] -> 0.15961931 | K3: =Tabela35[[#This Row],[Hr Chegada]]-Tabela35[[#This Row],[Hr Saida]] -> 0 | M3: =Tabela35[[#This Row],[Frete]]/Tabela35[[#This Row],[Valor Frete]] -> 0 | Q3: =Tabela35[[#This Row],[Qtde Entregas]]-Tabela35[[#This Row],[Entregas Realizadas]] -> 0 | R3: =Tabela35[[#This Row],[Entregas Realizadas]]/Tabela35[[#This Row],[Qtde Entregas]] -> #DIV/0! | S3: =IF(Tabela35[[#This Row],[% Entrega]]>=96%,"Atendeu a Meta","Não Atendeu a Meta") -> #DIV/0!
A4: 46241 | B4: NXW6G67 | D4: Marinaldo | E4: 4770.58 | F4: 89040.79 | G4: 1291 | H4: =Tabela35[[#This Row],[Valor Frete]]/Tabela35[[#This Row],[Valor Mercadoria]] -> 0.053577467 | K4: =Tabela35[[#This Row],[Hr Chegada]]-Tabela35[[#This Row],[Hr Saida]] -> 0 | L4: 500 | M4: =Tabela35[[#This Row],[Frete]]/Tabela35[[#This Row],[Valor Frete]] -> 0.10480906 | N4: 208 | O4: 8 | P4: 6 | Q4: =Tabela35[[#This Row],[Qtde Entregas]]-Tabela35[[#This Row],[Entregas Realizadas]] -> 2 | R4: =Tabela35[[#This Row],[Entregas Realizadas]]/Tabela35[[#This Row],[Qtde Entregas]] -> 0.75 | S4: =IF(Tabela35[[#This Row],[% Entrega]]>=96%,"Atendeu a Meta","Não Atendeu a Meta") -> Não Atendeu a Meta | T4: Belém | U4: 2 | V4: 0
A5: 46245 | B5: NXW6G67 | D5: Marinaldo | E5: 7701.21 | F5: 160981.76 | G5: 1938 | H5: =Tabela35[[#This Row],[Valor Frete]]/Tabela35[[#This Row],[Valor Mercadoria]] -> 0.047839022 | K5: =Tabela35[[#This Row],[Hr Chegada]]-Tabela35[[#This Row],[Hr Saida]] -> 0 | L5: 500 | M5: =Tabela35[[#This Row],[Frete]]/Tabela35[[#This Row],[Valor Frete]] -> 0.064924862 | N5: 346 | O5: 14 | P5: 14 | Q5: =Tabela35[[#This Row],[Qtde Entregas]]-Tabela35[[#This Row],[Entregas Realizadas]] -> 0 | R5: =Tabela35[[#This Row],[Entregas Realizadas]]/Tabela35[[#This Row],[Qtde Entregas]] -> 1 | S5: =IF(Tabela35[[#This Row],[% Entrega]]>=96%,"Atendeu a Meta","Não Atendeu a Meta") -> Atendeu a Meta | T5: Ananindeua
A6: 46247 | B6: NXW6G67 | D6: Marinaldo | E6: 5668.48 | F6: 94110.1 | G6: 787 | H6: =Tabela35[[#This Row],[Valor Frete]]/Tabela35[[#This Row],[Valor Mercadoria]] -> 0.06023243 | K6: =Tabela35[[#This Row],[Hr Chegada]]-Tabela35[[#This Row],[Hr Saida]] -> 0 | L6: 500 | M6: =Tabela35[[#This Row],[Frete]]/Tabela35[[#This Row],[Valor Frete]] -> 0.088207068 | N6: 201 | O6: 20 | P6: 19 | Q6: =Tabela35[[#This Row],[Qtde Entregas]]-Tabela35[[#This Row],[Entregas Realizadas]] -> 1 | R6: =Tabela35[[#This Row],[Entregas Realizadas]]/Tabela35[[#This Row],[Qtde Entregas]] -> 0.95 | S6: =IF(Tabela35[[#This Row],[% Entrega]]>=96%,"Atendeu a Meta","Não Atendeu a Meta") -> Não Atendeu a Meta | T6: Belém | U6: 1 | V6: 10
A7: 46252 | B7: NXW6G67 | D7: Marinaldo | E7: 8639.84 | F7: 131603.82 | G7: 1536 | H7: =Tabela35[[#This Row],[Valor Frete]]/Tabela35[[#This Row],[Valor Mercadoria]] -> 0.065650374 | K7: =Tabela35[[#This Row],[Hr Chegada]]-Tabela35[[#This Row],[Hr Saida]] -> 0 | L7: 500 | M7: =Tabela35[[#This Row],[Frete]]/Tabela35[[#This Row],[Valor Frete]] -> 0.057871442 | N7: 194 | O7: 31 | P7: 31 | Q7: =Tabela35[[#This Row],[Qtde Entregas]]-Tabela35[[#This Row],[Entregas Realizadas]] -> 0 | R7: =Tabela35[[#This Row],[Entregas Realizadas]]/Tabela35[[#This Row],[Qtde Entregas]] -> 1 | S7: =IF(Tabela35[[#This Row],[% Entrega]]>=96%,"Atendeu a Meta","Não Atendeu a Meta") -> Atendeu a Meta | T7: Ananindeua | U7: 1 | V7: 9
A8: 46253 | B8: JVY9G53 | D8: Pedro | E8: 8971 | F8: 79084.99 | G8: 808 | H8: =Tabela35[[#This Row],[Valor Frete]]/Tabela35[[#This Row],[Valor Mercadoria]] -> 0.11343493 | K8: =Tabela35[[#This Row],[Hr Chegada]]-Tabela35[[#This Row],[Hr Saida]] -> 0 | L8: 500 | M8: =Tabela35[[#This Row],[Frete]]/Tabela35[[#This Row],[Valor Frete]] -> 0.055735147 | N8: 165 | O8: 14 | P8: 14 | Q8: =Tabela35[[#This Row],[Qtde Entregas]]-Tabela35[[#This Row],[Entregas Realizadas]] -> 0 | R8: =Tabela35[[#This Row],[Entregas Realizadas]]/Tabela35[[#This Row],[Qtde Entregas]] -> 1 | S8: =IF(Tabela35[[#This Row],[% Entrega]]>=96%,"Atendeu a Meta","Não Atendeu a Meta") -> Atendeu a Meta
A9: 46268 | B9: NSE5B85 | D9: Marinaldo | E9: 5954.82 | F9: 69924.04 | G9: 1514 | H9: =Tabela35[[#This Row],[Valor Frete]]/Tabela35[[#This Row],[Valor Mercadoria]] -> 0.085161269 | K9: =Tabela35[[#This Row],[Hr Chegada]]-Tabela35[[#This Row],[Hr Saida]] -> 0 | L9: 500 | M9: =Tabela35[[#This Row],[Frete]]/Tabela35[[#This Row],[Valor Frete]] -> 0.083965594 | Q9: =Tabela35[[#This Row],[Qtde Entregas]]-Tabela35[[#This Row],[Entregas Realizadas]] -> 0 | R9: =Tabela35[[#This Row],[Entregas Realizadas]]/Tabela35[[#This Row],[Qtde Entregas]] -> #DIV/0! | S9: =IF(Tabela35[[#This Row],[% Entrega]]>=96%,"Atendeu a Meta","Não Atendeu a Meta") -> #DIV/0!
A10: 46269 | B10: NSE5B85 | D10: Marinaldo | E10: 24238.02 | F10: 167202.07 | G10: 2185 | H10: =Tabela35[[#This Row],[Valor Frete]]/Tabela35[[#This Row],[Valor Mercadoria]] -> 0.14496244 | K10: =Tabela35[[#This Row],[Hr Chegada]]-Tabela35[[#This Row],[Hr Saida]] -> 0 | L10: 500 | M10: =Tabela35[[#This Row],[Frete]]/Tabela35[[#This Row],[Valor Frete]] -> 0.020628748 | Q10: =Tabela35[[#This Row],[Qtde Entregas]]-Tabela35[[#This Row],[Entregas Realizadas]] -> 0 | R10: =Tabela35[[#This Row],[Entregas Realizadas]]/Tabela35[[#This Row],[Qtde Entregas]] -> #DIV/0! | S10: =IF(Tabela35[[#This Row],[% Entrega]]>=96%,"Atendeu a Meta","Não Atendeu a Meta") -> #DIV/0!
A11: 46276 | B11: NXW6G67 | D11: Marinaldo | E11: 4224.17 | F11: 96676.42 | G11: 879 | H11: =Tabela35[[#This Row],[Valor Frete]]/Tabela35[[#This Row],[Valor Mercadoria]] -> 0.043693902 | K11: =Tabela35[[#This Row],[Hr Chegada]]-Tabela35[[#This Row],[Hr Saida]] -> 0 | L11: 500 | M11: =Tabela35[[#This Row],[Frete]]/Tabela35[[#This Row],[Valor Frete]] -> 0.11836645 | Q11: =Tabela35[[#This Row],[Qtde Entregas]]-Tabela35[[#This Row],[Entregas Realizadas]] -> 0 | R11: =Tabela35[[#This Row],[Entregas Realizadas]]/Tabela35[[#This Row],[Qtde Entregas]] -> #DIV/0! | S11: =IF(Tabela35[[#This Row],[% Entrega]]>=96%,"Atendeu a Meta","Não Atendeu a Meta") -> #DIV/0!
A12: 46280 | B12: NXW6G67 | D12: Marinaldo | E12: 3592.03 | F12: 44758.63 | H12: =Tabela35[[#This Row],[Valor Frete]]/Tabela35[[#This Row],[Valor Mercadoria]] -> 0.08025335 | K12: =Tabela35[[#This Row],[Hr Chegada]]-Tabela35[[#This Row],[Hr Saida]] -> 0 | L12: 500 | M12: =Tabela35[[#This Row],[Frete]]/Tabela35[[#This Row],[Valor Frete]] -> 0.13919706 | Q12: =Tabela35[[#This Row],[Qtde Entregas]]-Tabela35[[#This Row],[Entregas Realizadas]] -> 0 | R12: =Tabela35[[#This Row],[Entregas Realizadas]]/Tabela35[[#This Row],[Qtde Entregas]] -> #DIV/0! | S12: =IF(Tabela35[[#This Row],[% Entrega]]>=96%,"Atendeu a Meta","Não Atendeu a Meta") -> #DIV/0!
A13: 46281 | B13: NXW6G67 | D13: Marinaldo | E13: 4998.43 | F13: 82581.28 | H13: =Tabela35[[#This Row],[Valor Frete]]/Tabela35[[#This Row],[Valor Mercadoria]] -> 0.060527398 | K13: =Tabela35[[#This Row],[Hr Chegada]]-Tabela35[[#This Row],[Hr Saida]] -> 0 | L13: 500 | M13: =Tabela35[[#This Row],[Frete]]/Tabela35[[#This Row],[Valor Frete]] -> 0.10003141 | Q13: =Tabela35[[#This Row],[Qtde Entregas]]-Tabela35[[#This Row],[Entregas Realizadas]] -> 0 | R13: =Tabela35[[#This Row],[Entregas Realizadas]]/Tabela35[[#This Row],[Qtde Entregas]] -> #DIV/0! | S13: =IF(Tabela35[[#This Row],[% Entrega]]>=96%,"Atendeu a Meta","Não Atendeu a Meta") -> #DIV/0!
A14: 46282 | B14: NXW6G67 | D14: Marinaldo | E14: 3850.15 | F14: 59193.01 | G14: 537 | H14: =Tabela35[[#This Row],[Valor Frete]]/Tabela35[[#This Row],[Valor Mercadoria]] -> 0.065043998 | K14: =Tabela35[[#This Row],[Hr Chegada]]-Tabela35[[#This Row],[Hr Saida]] -> 0 | L14: 500 | M14: =Tabela35[[#This Row],[Frete]]/Tabela35[[#This Row],[Valor Frete]] -> 0.12986507 | O14: 16 | P14: 14 | Q14: =Tabela35[[#This Row],[Qtde Entregas]]-Tabela35[[#This Row],[Entregas Realizadas]] -> 2 | R14: =Tabela35[[#This Row],[Entregas Realizadas]]/Tabela35[[#This Row],[Qtde Entregas]] -> 0.875 | S14: =IF(Tabela35[[#This Row],[% Entrega]]>=96%,"Atendeu a Meta","Não Atendeu a Meta") -> Não Atendeu a Meta | T14: Belém | U14: 2
A15: 46283 | B15: NXW6G67 | D15: Marinaldo | E15: 6994.8 | F15: 202752.86 | G15: 1833 | H15: =Tabela35[[#This Row],[Valor Frete]]/Tabela35[[#This Row],[Valor Mercadoria]] -> 0.034499143 | K15: =Tabela35[[#This Row],[Hr Chegada]]-Tabela35[[#This Row],[Hr Saida]] -> 0 | L15: 500 | M15: =Tabela35[[#This Row],[Frete]]/Tabela35[[#This Row],[Valor Frete]] -> 0.071481672 | Q15: =Tabela35[[#This Row],[Qtde Entregas]]-Tabela35[[#This Row],[Entregas Realizadas]] -> 0 | R15: =Tabela35[[#This Row],[Entregas Realizadas]]/Tabela35[[#This Row],[Qtde Entregas]] -> #DIV/0! | S15: =IF(Tabela35[[#This Row],[% Entrega]]>=96%,"Atendeu a Meta","Não Atendeu a Meta") -> #DIV/0!
A16: 46287 | B16: NXW6G67 | D16: Marinaldo | E16: 6537.08 | F16: 70656.17 | G16: 2255 | H16: =Tabela35[[#This Row],[Valor Frete]]/Tabela35[[#This Row],[Valor Mercadoria]] -> 0.092519592 | K16: =Tabela35[[#This Row],[Hr Chegada]]-Tabela35[[#This Row],[Hr Saida]] -> 0 | L16: 500 | M16: =Tabela35[[#This Row],[Frete]]/Tabela35[[#This Row],[Valor Frete]] -> 0.076486749 | O16: 11 | P16: 11 | Q16: =Tabela35[[#This Row],[Qtde Entregas]]-Tabela35[[#This Row],[Entregas Realizadas]] -> 0 | R16: =Tabela35[[#This Row],[Entregas Realizadas]]/Tabela35[[#This Row],[Qtde Entregas]] -> 1 | S16: =IF(Tabela35[[#This Row],[% Entrega]]>=96%,"Atendeu a Meta","Não Atendeu a Meta") -> Atendeu a Meta
A17: 46287 | B17: JVY9G53 | D17: Pedro | E17: 4118.54 | F17: 62885.27 | G17: 632 | H17: =Tabela35[[#This Row],[Valor Frete]]/Tabela35[[#This Row],[Valor Mercadoria]] -> 0.065492921 | K17: =Tabela35[[#This Row],[Hr Chegada]]-Tabela35[[#This Row],[Hr Saida]] -> 0 | L17: 500 | M17: =Tabela35[[#This Row],[Frete]]/Tabela35[[#This Row],[Valor Frete]] -> 0.12140224 | O17: 5 | P17: 5 | Q17: =Tabela35[[#This Row],[Qtde Entregas]]-Tabela35[[#This Row],[Entregas Realizadas]] -> 0 | R17: =Tabela35[[#This Row],[Entregas Realizadas]]/Tabela35[[#This Row],[Qtde Entregas]] -> 1 | S17: =IF(Tabela35[[#This Row],[% Entrega]]>=96%,"Atendeu a Meta","Não Atendeu a Meta") -> Atendeu a Meta
A18: 46288 | B18: NXW6G67 | D18: Marinaldo | E18: 4151.14 | F18: 51812.79 | G18: 631 | H18: =Tabela35[[#This Row],[Valor Frete]]/Tabela35[[#This Row],[Valor Mercadoria]] -> 0.080118056 | K18: =Tabela35[[#This Row],[Hr Chegada]]-Tabela35[[#This Row],[Hr Saida]] -> 0 | L18: 500 | M18: =Tabela35[[#This Row],[Frete]]/Tabela35[[#This Row],[Valor Frete]] -> 0.12044884 | O18: 11 | P18: 11 | Q18: =Tabela35[[#This Row],[Qtde Entregas]]-Tabela35[[#This Row],[Entregas Realizadas]] -> 0 | R18: =Tabela35[[#This Row],[Entregas Realizadas]]/Tabela35[[#This Row],[Qtde Entregas]] -> 1 | S18: =IF(Tabela35[[#This Row],[% Entrega]]>=96%,"Atendeu a Meta","Não Atendeu a Meta") -> Atendeu a Meta
A19: 46289 | B19: NXW6G67 | D19: Marinaldo | E19: 3779.58 | F19: 77696.94 | G19: 718 | H19: =Tabela35[[#This Row],[Valor Frete]]/Tabela35[[#This Row],[Valor Mercadoria]] -> 0.048645159 | K19: =Tabela35[[#This Row],[Hr Chegada]]-Tabela35[[#This Row],[Hr Saida]] -> 0 | L19: 500 | M19: =Tabela35[[#This Row],[Frete]]/Tabela35[[#This Row],[Valor Frete]] -> 0.13228983 | O19: 14 | P19: 14 | Q19: =Tabela35[[#This Row],[Qtde Entregas]]-Tabela35[[#This Row],[Entregas Realizadas]] -> 0 | R19: =Tabela35[[#This Row],[Entregas Realizadas]]/Tabela35[[#This Row],[Qtde Entregas]] -> 1 | S19: =IF(Tabela35[[#This Row],[% Entrega]]>=96%,"Atendeu a Meta","Não Atendeu a Meta") -> Atendeu a Meta | T19: 0 | U19: 38
A20: 46290 | B20: NXW6G67 | D20: Marinaldo | E20: 10761.38 | F20: 181084.37 | G20: 2461 | H20: =Tabela35[[#This Row],[Valor Frete]]/Tabela35[[#This Row],[Valor Mercadoria]] -> 0.059427437 | K20: =Tabela35[[#This Row],[Hr Chegada]]-Tabela35[[#This Row],[Hr Saida]] -> 0 | L20: 500 | M20: =Tabela35[[#This Row],[Frete]]/Tabela35[[#This Row],[Valor Frete]] -> 0.046462443 | O20: 28 | P20: 28 | Q20: =Tabela35[[#This Row],[Qtde Entregas]]-Tabela35[[#This Row],[Entregas Realizadas]] -> 0 | R20: =Tabela35[[#This Row],[Entregas Realizadas]]/Tabela35[[#This Row],[Qtde Entregas]] -> 1 | S20: =IF(Tabela35[[#This Row],[% Entrega]]>=96%,"Atendeu a Meta","Não Atendeu a Meta") -> Atendeu a Meta | T20: 0 | U20: 38,38,38
A21: 46294 | B21: NSE5B85 | D21: Silvio | H21: =Tabela35[[#This Row],[Valor Frete]]/Tabela35[[#This Row],[Valor Mercadoria]] -> #DIV/0! | K21: =Tabela35[[#This Row],[Hr Chegada]]-Tabela35[[#This Row],[Hr Saida]] -> 0 | M21: =Tabela35[[#This Row],[Frete]]/Tabela35[[#This Row],[Valor Frete]] -> #DIV/0! | Q21: =Tabela35[[#This Row],[Qtde Entregas]]-Tabela35[[#This Row],[Entregas Realizadas]] -> 0 | R21: =Tabela35[[#This Row],[Entregas Realizadas]]/Tabela35[[#This Row],[Qtde Entregas]] -> #DIV/0! | S21: =IF(Tabela35[[#This Row],[% Entrega]]>=96%,"Atendeu a Meta","Não Atendeu a Meta") -> #DIV/0!
A22: 46295 | B22: NSE5B85 | D22: Silvio | H22: =Tabela35[[#This Row],[Valor Frete]]/Tabela35[[#This Row],[Valor Mercadoria]] -> #DIV/0! | K22: =Tabela35[[#This Row],[Hr Chegada]]-Tabela35[[#This Row],[Hr Saida]] -> 0 | M22: =Tabela35[[#This Row],[Frete]]/Tabela35[[#This Row],[Valor Frete]] -> #DIV/0! | Q22: =Tabela35[[#This Row],[Qtde Entregas]]-Tabela35[[#This Row],[Entregas Realizadas]] -> 0 | R22: =Tabela35[[#This Row],[Entregas Realizadas]]/Tabela35[[#This Row],[Qtde Entregas]] -> #DIV/0! | S22: =IF(Tabela35[[#This Row],[% Entrega]]>=96%,"Atendeu a Meta","Não Atendeu a Meta") -> #DIV/0!
A23: 46296 | B23: NXW6G67 | D23: Marinaldo | E23: 9007.21 | F23: 179512.59 | G23: 2015 | H23: =Tabela35[[#This Row],[Valor Frete]]/Tabela35[[#This Row],[Valor Mercadoria]] -> 0.050175924 | K23: =Tabela35[[#This Row],[Hr Chegada]]-Tabela35[[#This Row],[Hr Saida]] -> 0 | L23: 500 | M23: =Tabela35[[#This Row],[Frete]]/Tabela35[[#This Row],[Valor Frete]] -> 0.055511085 | Q23: =Tabela35[[#This Row],[Qtde Entregas]]-Tabela35[[#This Row],[Entregas Realizadas]] -> 0 | R23: =Tabela35[[#This Row],[Entregas Realizadas]]/Tabela35[[#This Row],[Qtde Entregas]] -> #DIV/0! | S23: =IF(Tabela35[[#This Row],[% Entrega]]>=96%,"Atendeu a Meta","Não Atendeu a Meta") -> #DIV/0!
A24: 46301 | B24: NXW6G67 | D24: Marinaldo | E24: 6185.78 | F24: 89820.8 | H24: =Tabela35[[#This Row],[Valor Frete]]/Tabela35[[#This Row],[Valor Mercadoria]] -> 0.068868013 | K24: =Tabela35[[#This Row],[Hr Chegada]]-Tabela35[[#This Row],[Hr Saida]] -> 0 | L24: 500 | M24: =Tabela35[[#This Row],[Frete]]/Tabela35[[#This Row],[Valor Frete]] -> 0.08083055 | Q24: =Tabela35[[#This Row],[Qtde Entregas]]-Tabela35[[#This Row],[Entregas Realizadas]] -> 0 | R24: =Tabela35[[#This Row],[Entregas Realizadas]]/Tabela35[[#This Row],[Qtde Entregas]] -> #DIV/0! | S24: =IF(Tabela35[[#This Row],[% Entrega]]>=96%,"Atendeu a Meta","Não Atendeu a Meta") -> #DIV/0!
A25: 46302 | B25: NXW6G67 | D25: Marinaldo | E25: 8104.3 | F25: 95783.11 | H25: =Tabela35[[#This Row],[Valor Frete]]/Tabela35[[#This Row],[Valor Mercadoria]] -> 0.084610951 | K25: =Tabela35[[#This Row],[Hr Chegada]]-Tabela35[[#This Row],[Hr Saida]] -> 0 | L25: 500 | M25: =Tabela35[[#This Row],[Frete]]/Tabela35[[#This Row],[Valor Frete]] -> 0.061695643 | O25: 16 | P25: 16 | Q25: =Tabela35[[#This Row],[Qtde Entregas]]-Tabela35[[#This Row],[Entregas Realizadas]] -> 0 | R25: =Tabela35[[#This Row],[Entregas Realizadas]]/Tabela35[[#This Row],[Qtde Entregas]] -> 1 | S25: =IF(Tabela35[[#This Row],[% Entrega]]>=96%,"Atendeu a Meta","Não Atendeu a Meta") -> Atendeu a Meta | T25: Belém | U25: 38
A26: 46303 | B26: NXW6G67 | D26: Marinaldo | E26: 5994.53 | F26: 131439.71 | G26: 1808 | H26: =Tabela35[[#This Row],[Valor Frete]]/Tabela35[[#This Row],[Valor Mercadoria]] -> 0.045606689 | K26: =Tabela35[[#This Row],[Hr Chegada]]-Tabela35[[#This Row],[Hr Saida]] -> 0 | L26: 500 | M26: =Tabela35[[#This Row],[Frete]]/Tabela35[[#This Row],[Valor Frete]] -> 0.083409375 | N26: 359 | O26: 19 | P26: 19 | Q26: =Tabela35[[#This Row],[Qtde Entregas]]-Tabela35[[#This Row],[Entregas Realizadas]] -> 0 | R26: =Tabela35[[#This Row],[Entregas Realizadas]]/Tabela35[[#This Row],[Qtde Entregas]] -> 1 | S26: =IF(Tabela35[[#This Row],[% Entrega]]>=96%,"Atendeu a Meta","Não Atendeu a Meta") -> Atendeu a Meta | T26: Belém | U26: 0 | V26: 0
A27: 46304 | H27: =Tabela35[[#This Row],[Valor Frete]]/Tabela35[[#This Row],[Valor Mercadoria]] -> #DIV/0! | K27: =Tabela35[[#This Row],[Hr Chegada]]-Tabela35[[#This Row],[Hr Saida]] -> 0 | M27: =Tabela35[[#This Row],[Frete]]/Tabela35[[#This Row],[Valor Frete]] -> #DIV/0! | Q27: =Tabela35[[#This Row],[Qtde Entregas]]-Tabela35[[#This Row],[Entregas Realizadas]] -> 0 | R27: =Tabela35[[#This Row],[Entregas Realizadas]]/Tabela35[[#This Row],[Qtde Entregas]] -> #DIV/0! | S27: =IF(Tabela35[[#This Row],[% Entrega]]>=96%,"Atendeu a Meta","Não Atendeu a Meta") -> #DIV/0!

Sheet jan_26 (2)
A1: Data | B1: Ano | C1: Mês | D1: Placa | E1: Rota | F1: Motorista | G1: Valor Frete | H1: Valor Mercadoria | I1: Peso | J1: % Frete | K1: Hr Saida | L1: Hr Chegada | M1: Tempo | N1: Km Saída | O1: Km Chegada | P1: Km/Dia | Q1: Vols | R1: Entregas | S1: Realizadas | T1: Retornadas | U1: % Entrega | V1: Meta | W1: Cidade Destino | X1: Nfs Voltaram | Y1: Ocorrência
A2: 46237 | B2: =YEAR(Tabela32[[#This Row],[Data]]) -> 2026 | C2: =MONTH(Tabela32[[#This Row],[Data]]) -> 8 | D2: RKV1173 | E2: 3 | F2: =IFERROR(VLOOKUP(Tabela32[[#This Row],[Placa]],Planilha2!$A$1:$B$12,2,0),"") -> William | G2: 8845.4 | H2: 229478.26 | I2: 2224 | J2: =IFERROR(Tabela32[[#This Row],[Valor Frete]]/Tabela32[[#This Row],[Valor Mercadoria]],"") -> 0.038545699 | K2: 0.27083333 | L2: 0.75694444 | M2: =Tabela32[[#This Row],[Hr Chegada]]-Tabela32[[#This Row],[Hr Saida]] -> 0.48611111 | N2: 123165 | O2: 123227 | P2: =Tabela32[[#This Row],[Km Chegada]]-Tabela32[[#This Row],[Km Saída]] -> 62 | Q2: 208 | R2: 17 | S2: 17 | T2: =Tabela32[[#This Row],[Entregas]]-Tabela32[[#This Row],[Realizadas]] -> 0 | U2: =Tabela32[[#This Row],[Realizadas]]/Tabela32[[#This Row],[Entregas]] -> 1 | V2: =IF(Tabela32[[#This Row],[% Entrega]]>=96%,"Atendeu a Meta","Não Atendeu a Meta") -> Atendeu a Meta | W2: Belém | X2: 0 | Y2: 0
A3: 46237 | B3: =YEAR(Tabela32[[#This Row],[Data]]) -> 2026 | C3: =MONTH(Tabela32[[#This Row],[Data]]) -> 8 | D3: IYD7460 | E3: 1 | F3: =IFERROR(VLOOKUP(Tabela32[[#This Row],[Placa]],Planilha2!$A$1:$B$12,2,0),"") -> Paulo | G3: 4361.26 | H3: 46788.62 | I3: 519 | J3: =IFERROR(Tabela32[[#This Row],[Valor Frete]]/Tabela32[[#This Row],[Valor Mercadoria]],"") -> 0.093211982 | K3: 0.29166667 | L3: 0.70833333 | M3: =Tabela32[[#This Row],[Hr Chegada]]-Tabela32[[#This Row],[Hr Saida]] -> 0.41666667 | N3: 153358 | O3: 153447 | P3: =Tabela32[[#This Row],[Km Chegada]]-Tabela32[[#This Row],[Km Saída]] -> 89 | Q3: 100 | R3: 14 | S3: 14 | T3: =Tabela32[[#This Row],[Entregas]]-Tabela32[[#This Row],[Realizadas]] -> 0 | U3: =Tabela32[[#This Row],[Realizadas]]/Tabela32[[#This Row],[Entregas]] -> 1 | V3: =IF(Tabela32[[#This Row],[% Entrega]]>=96%,"Atendeu a Meta","Não Atendeu a Meta") -> Atendeu a Meta | W3: Belém | X3: 0 | Y3: 0
A4: 46237 | B4: =YEAR(Tabela32[[#This Row],[Data]]) -> 2026 | C4: =MONTH(Tabela32[[#This Row],[Data]]) -> 8 | D4: TRD2G21 | E4: 1 | F4: =IFERROR(VLOOKUP(Tabela32[[#This Row],[Placa]],Planilha2!$A$1:$B$12,2,0),"") -> Arnaldo | G4: 10990.49 | H4: 239686.28 | I4: 2245 | J4: =IFERROR(Tabela32[[#This Row],[Valor Frete]]/Tabela32[[#This Row],[Valor Mercadoria]],"") -> 0.045853647 | K4: 0.29166667 | L4: 0.75 | M4: =Tabela32[[#This Row],[Hr Chegada]]-Tabela32[[#This Row],[Hr Saida]] -> 0.45833333 | N4: 11485 | O4: 11546 | P4: =Tabela32[[#This Row],[Km Chegada]]-Tabela32[[#This Row],[Km Saída]] -> 61 | Q4: 315 | R4: 34 | S4: 34 | T4: =Tabela32[[#This Row],[Entregas]]-Tabela32[[#This Row],[Realizadas]] -> 0 | U4: =Tabela32[[#This Row],[Realizadas]]/Tabela32[[#This Row],[Entregas]] -> 1 | V4: =IF(Tabela32[[#This Row],[% Entrega]]>=96%,"Atendeu a Meta","Não Atendeu a Meta") -> Atendeu a Meta | W4: Belém | X4: 0 | Y4: 0
A5: 46237 | B5: =YEAR(Tabela32[[#This Row],[Data]]) -> 2026 | C5: =MONTH(Tabela32[[#This Row],[Data]]) -> 8 | D5: LTY8B39 | E5: 2 | F5: =IFERROR(VLOOKUP(Tabela32[[#This Row],[Placa]],Planilha2!$A$1:$B$12,2,0),"") -> Gilberto | G5: 12153.58 | H5: 209648.96 | I5: 2509 | J5: =IFERROR(Tabela32[[#This Row],[Valor Frete]]/Tabela32[[#This Row],[Valor Mercadoria]],"") -> 0.057971096 | K5: 0.29166667 | L5: 0.75 | M5: =Tabela32[[#This Row],[Hr Chegada]]-Tabela32[[#This Row],[Hr Saida]] -> 0.45833333 | N5: 117070 | O5: 117125 | P5: =Tabela32[[#This Row],[Km Chegada]]-Tabela32[[#This Row],[Km Saída]] -> 55 | Q5: 383 | R5: 42 | S5: 42 | T5: =Tabela32[[#This Row],[Entregas]]-Tabela32[[#This Row],[Realizadas]] -> 0 | U5: =Tabela32[[#This Row],[Realizadas]]/Tabela32[[#This Row],[Entregas]] -> 1 | V5: =IF(Tabela32[[#This Row],[% Entrega]]>=96%,"Atendeu a Meta","Não Atendeu a Meta") -> Atendeu a Meta | W5: Belém | X5: 0 | Y5: 0
A6: 46237 | B6: =YEAR(Tabela32[[#This Row],[Data]]) -> 2026 | C6: =MONTH(Tabela32[[#This Row],[Data]]) -> 8 | D6: IXY4731 | E6: 5 | F6: =IFERROR(VLOOKUP(Tabela32[[#This Row],[Placa]],Planilha2!$A$1:$B$12,2,0),"") -> Osvaldo | G6: 5878.32 | H6: 122432.31 | I6: 1838 | J6: =IFERROR(Tabela32[[#This Row],[Valor Frete]]/Tabela32[[#This Row],[Valor Mercadoria]],"") -> 0.048012816 | K6: 0.29166667 | L6: 0.70833333 | M6: =Tabela32[[#This Row],[Hr Chegada]]-Tabela32[[#This Row],[Hr Saida]] -> 0.41666667 | N6: 140571 | O6: 140635 | P6: =Tabela32[[#This Row],[Km Chegada]]-Tabela32[[#This Row],[Km Saída]] -> 64 | Q6: 3 | R6: 2 | S6: 2 | T6: =Tabela32[[#This Row],[Entregas]]-Tabela32[[#This Row],[Realizadas]] -> 0 | U6: =Tabela32[[#This Row],[Realizadas]]/Tabela32[[#This Row],[Entregas]] -> 1 | V6: =IF(Tabela32[[#This Row],[% Entrega]]>=96%,"Atendeu a Meta","Não Atendeu a Meta") -> Atendeu a Meta | W6: Belém | X6: 0 | Y6: 0
A7: 46237 | B7: =YEAR(Tabela32[[#This Row],[Data]]) -> 2026 | C7: =MONTH(Tabela32[[#This Row],[Data]]) -> 8 | D7: IUG8767 | E7: 1 | F7: =IFERROR(VLOOKUP(Tabela32[[#This Row],[Placa]],Planilha2!$A$1:$B$12,2,0),"") -> Jerson | G7: 11704.49 | H7: 191260.58 | I7: 2762 | J7: =IFERROR(Tabela32[[#This Row],[Valor Frete]]/Tabela32[[#This Row],[Valor Mercadoria]],"") -> 0.061196562 | K7: 0.29166667 | L7: 0.75 | M7: =Tabela32[[#This Row],[Hr Chegada]]-Tabela32[[#This Row],[Hr Saida]] -> 0.45833333 | N7: 278755 | O7: 278800 | P7: =Tabela32[[#This Row],[Km Chegada]]-Tabela32[[#This Row],[Km Saída]] -> 45 | Q7: 297 | R7: 22 | S7: 22 | T7: =Tabela32[[#This Row],[Entregas]]-Tabela32[[#This Row],[Realizadas]] -> 0 | U7: =Tabela32[[#This Row],[Realizadas]]/Tabela32[[#This Row],[Entregas]] -> 1 | V7: =IF(Tabela32[[#This Row],[% Entrega]]>=96%,"Atendeu a Meta","Não Atendeu a Meta") -> Atendeu a Meta | W7: Ananindeua | X7: 0 | Y7: 0
A8: 46237 | B8: =YEAR(Tabela32[[#This Row],[Data]]) -> 2026 | C8: =MONTH(Tabela32[[#This Row],[Data]]) -> 8 | D8: IUG8744 | E8: 4 | F8: =IFERROR(VLOOKUP(Tabela32[[#This Row],[Placa]],Planilha2!$A$1:$B$12,2,0),"") -> Sandro | G8: 2038.29 | H8: 29918.46 | I8: 402 | J8: =IFERROR(Tabela32[[#This Row],[Valor Frete]]/Tabela32[[#This Row],[Valor Mercadoria]],"") -> 0.068128172 | K8: 0.29166667 | L8: 0.75694444 | M8: =Tabela32[[#This Row],[Hr Chegada]]-Tabela32[[#This Row],[Hr Saida]] -> 0.46527778 | N8: 273803 | O8: 273946 | P8: =Tabela32[[#This Row],[Km Chegada]]-Tabela32[[#This Row],[Km Saída]] -> 143 | Q8: 25 | R8: 7 | S8: 7 | T8: =Tabela32[[#This Row],[Entregas]]-Tabela32[[#This Row],[Realizadas]] -> 0 | U8: =Tabela32[[#This Row],[Realizadas]]/Tabela32[[#This Row],[Entregas]] -> 1 | V8: =IF(Tabela32[[#This Row],[% Entrega]]>=96%,"Atendeu a Meta","Não Atendeu a Meta") -> Atendeu a Meta | W8: Belém | X8: 0 | Y8: 0
A9: 46237 | B9: =YEAR(Tabela32[[#This Row],[Data]]) -> 2026 | C9: =MONTH(Tabela32[[#This Row],[Data]]) -> 8 | D9: IUG8882 | E9: 1 | F9: =IFERROR(VLOOKUP(Tabela32[[#This Row],[Placa]],Planilha2!$A$1:$B$12,2,0),"") -> Wesley | G9: 6077.29 | H9: 118495.96 | I9: 859 | J9: =IFERROR(Tabela32[[#This Row],[Valor Frete]]/Tabela32[[#This Row],[Valor Mercadoria]],"") -> 0.051286896 | K9: 0.29166667 | L9: 0.75347222 | M9: =Tabela32[[#This Row],[Hr Chegada]]-Tabela32[[#This Row],[Hr Saida]] -> 0.46180556 | N9: 302136 | O9: 302272 | P9: =Tabela32[[#This Row],[Km Chegada]]-Tabela32[[#This Row],[Km Saída]] -> 136 | Q9: 116 | R9: 30 | S9: 30 | T9: =Tabela32[[#This Row],[Entregas]]-Tabela32[[#This Row],[Realizadas]] -> 0 | U9: =Tabela32[[#This Row],[Realizadas]]/Tabela32[[#This Row],[Entregas]] -> 1 | V9: =IF(Tabela32[[#This Row],[% Entrega]]>=96%,"Atendeu a Meta","Não Atendeu a Meta") -> Atendeu a Meta | W9: Castanhal | X9: 0 | Y9: 0
A10: 46237 | B10: =YEAR(Tabela32[[#This Row],[Data]]) -> 2026 | C10: =MONTH(Tabela32[[#This Row],[Data]]) -> 8 | D10: IVX5G13 | E10: 1 | F10: =IFERROR(VLOOKUP(Tabela32[[#This Row],[Placa]],Planilha2!$A$1:$B$12,2,0),"") -> Heremilton | G10: 32724.35 | H10: 808017.95 | I10: 101 | J10: =IFERROR(Tabela32[[#This Row],[Valor Frete]]/Tabela32[[#This Row],[Valor Mercadoria]],"") -> 0.040499533 | K10: 0.25 | L10: 0.75 | M10: =Tabela32[[#This Row],[Hr Chegada]]-Tabela32[[#This Row],[Hr Saida]] -> 0.5 | N10: 363975 | O10: 364007 | P10: =Tabela32[[#This Row],[Km Chegada]]-Tabela32[[#This Row],[Km Saída]] -> 32 | Q10: 101 | R10: 6 | S10: 6 | T10: =Tabela32[[#This Row],[Entregas]]-Tabela32[[#This Row],[Realizadas]] -> 0 | U10: =Tabela32[[#This Row],[Realizadas]]/Tabela32[[#This Row],[Entregas]] -> 1 | V10: =IF(Tabela32[[#This Row],[% Entrega]]>=96%,"Atendeu a Meta","Não Atendeu a Meta") -> Atendeu a Meta | W10: Castanhal | X10: 0 | Y10: 0
A11: 46237 | B11: =YEAR(Tabela32[[#This Row],[Data]]) -> 2026 | C11: =MONTH(Tabela32[[#This Row],[Data]]) -> 8 | D11: IUG8855 | E11: 1 | F11: =IFERROR(VLOOKUP(Tabela32[[#This Row],[Placa]],Planilha2!$A$1:$B$12,2,0),"") -> Rosinaldo | G11: 12477.04 | H11: 472202.58 | I11: 2812 | J11: =IFERROR(Tabela32[[#This Row],[Valor Frete]]/Tabela32[[#This Row],[Valor Mercadoria]],"") -> 0.026423066 | K11: 0.29166667 | L11: 0.70833333 | M11: =Tabela32[[#This Row],[Hr Chegada]]-Tabela32[[#This Row],[Hr Saida]] -> 0.41666667 | N11: 289370 | O11: 289406 | P11: =Tabela32[[#This Row],[Km Chegada]]-Tabela32[[#This Row],[Km Saída]] -> 36 | Q11: 212 | R11: 7 | S11: 7 | T11: =Tabela32[[#This Row],[Entregas]]-Tabela32[[#This Row],[Realizadas]] -> 0 | U11: =Tabela32[[#This Row],[Realizadas]]/Tabela32[[#This Row],[Entregas]] -> 1 | V11: =IF(Tabela32[[#This Row],[% Entrega]]>=96%,"Atendeu a Meta","Não Atendeu a Meta") -> Atendeu a Meta | W11: Belém | X11: 0 | Y11: 0
A12: 46237 | B12: =YEAR(Tabela32[[#This Row],[Data]]) -> 2026 | C12: =MONTH(Tabela32[[#This Row],[Data]]) -> 8 | D12: RJA2C91 | E12: 11 | F12: =IFERROR(VLOOKUP(Tabela32[[#This Row],[Placa]],Planilha2!$A$1:$B$12,2,0),"") -> Edilson | G12: 39898.21 | H12: 223501.93 | I12: 4822 | J12: =IFERROR(Tabela32[[#This Row],[Valor Frete]]/Tabela32[[#This Row],[Valor Mercadoria]],"") -> 0.17851394 | K12: 0.25 | L12: 0.70833333 | M12: =Tabela32[[#This Row],[Hr Chegada]]-Tabela32[[#This Row],[Hr Saida]] -> 0.45833333 | N12: 102828 | O12: 102859 | P12: =Tabela32[[#This Row],[Km Chegada]]-Tabela32[[#This Row],[Km Saída]] -> 31 | Q12: 613 | R12: 6 | S12: 6 | T12: =Tabela32[[#This Row],[Entregas]]-Tabela32[[#This Row],[Realizadas]] -> 0 | U12: =Tabela32[[#This Row],[Realizadas]]/Tabela32[[#This Row],[Entregas]] -> 1 | V12: =IF(Tabela32[[#This Row],[% Entrega]]>=96%,"Atendeu a Meta","Não Atendeu a Meta") -> Atendeu a Meta | W12: Benevides | X12: 0 | Y12: 0
A13: 46238 | B13: =YEAR(Tabela32[[#This Row],[Data]]) -> 2026 | C13: =MONTH(Tabela32[[#This Row],[Data]]) -> 8 | D13: LTY8B39 | E13: 2 | F13: =IFERROR(VLOOKUP(Tabela32[[#This Row],[Placa]],Planilha2!$A$1:$B$12,2,0),"") -> Gilberto | G13: 6969.57 | H13: 101194.09 | I13: 1533 | J13: =IFERROR(Tabela32[[#This Row],[Valor Frete]]/Tabela32[[#This Row],[Valor Mercadoria]],"") -> 0.068873291 | K13: 0.25 | L13: 0.66666667 | M13: =Tabela32[[#This Row],[Hr Chegada]]-Tabela32[[#This Row],[Hr Saida]] -> 0.41666667 | N13: 117009 | O13: 117070 | P13: =Tabela32[[#This Row],[Km Chegada]]-Tabela32[[#This Row],[Km Saída]] -> 61 | Q13: 296 | R13: 33 | S13: 33 | T13: =Tabela32[[#This Row],[Entregas]]-Tabela32[[#This Row],[Realizadas]] -> 0 | U13: =Tabela32[[#This Row],[Realizadas]]/Tabela32[[#This Row],[Entregas]] -> 1 | V13: =IF(Tabela32[[#This Row],[% Entrega]]>=96%,"Atendeu a Meta","Não Atendeu a Meta") -> Atendeu a Meta | W13: Belém | X13: 0 | Y13: 0
... A37: 46241 | B37: =YEAR(Tabela32[[#This Row],[Data]]) -> 2026 | C37: =MONTH(Tabela32[[#This Row],[Data]]) -> 8 | D37: RKV1173 | E37: 3 | F37: =IFERROR(VLOOKUP(Tabela32[[#This Row],[Placa]],Planilha2!$A$1:$B$12,2,0),"") -> William | G37: 5239.71 | H37: 175862.76 | I37: 690 | J37: =IFERROR(Tabela32[[#This Row],[Valor Frete]]/Tabela32[[#This Row],[Valor Mercadoria]],"") -> 0.029794312 | K37: 0.29166667 | L37: 0.72222222 | M37: =Tabela32[[#This Row],[Hr Chegada]]-Tabela32[[#This Row],[Hr Saida]] -> 0.43055556 | N37: 123656 | O37: 123713 | P37: =Tabela32[[#This Row],[Km Chegada]]-Tabela32[[#This Row],[Km Saída]] -> 57 | Q37: 165 | R37: 22 | S37: 22 | T37: =Tabela32[[#This Row],[Entregas]]-Tabela32[[#This Row],[Realizadas]] -> 0 | U37: =Tabela32[[#This Row],[Realizadas]]/Tabela32[[#This Row],[Entregas]] -> 1 | V37: =IF(Tabela32[[#This Row],[% Entrega]]>=96%,"Atendeu a Meta","Não Atendeu a Meta") -> Atendeu a Meta | W37: Belém | X37: 0 | Y37: 0
A38: 46241 | B38: =YEAR(Tabela32[[#This Row],[Data]]) -> 2026 | C38: =MONTH(Tabela32[[#This Row],[Data]]) -> 8 | D38: IUG8855 | E38: 1 | F38: =IFERROR(VLOOKUP(Tabela32[[#This Row],[Placa]],Planilha2!$A$1:$B$12,2,0),"") -> Rosinaldo | G38: 4663.5 | H38: 77594.32 | I38: 1104 | J38: =IFERROR(Tabela32[[#This Row],[Valor Frete]]/Tabela32[[#This Row],[Valor Mercadoria]],"") -> 0.060101049 | K38: 0.29166667 | L38: 0.73611111 | M38: =Tabela32[[#This Row],[Hr Chegada]]-Tabela32[[#This Row],[Hr Saida]] -> 0.44444444 | N38: 289691 | O38: 289832 | P38: =Tabela32[[#This Row],[Km Chegada]]-Tabela32[[#This Row],[Km Saída]] -> 141 | Q38: 211 | R38: 11 | S38: 11 | T38: =Tabela32[[#This Row],[Entregas]]-Tabela32[[#This Row],[Realizadas]] -> 0 | U38: =Tabela32[[#This Row],[Realizadas]]/Tabela32[[#This Row],[Entregas]] -> 1 | V38: =IF(Tabela32[[#This Row],[% Entrega]]>=96%,"Atendeu a Meta","Não Atendeu a Meta") -> Atendeu a Meta | W38: Ananindeua | X38: 2 | Y38: 38, 9
A39: 46241 | B39: =YEAR(Tabela32[[#This Row],[Data]]) -> 2026 | C39: =MONTH(Tabela32[[#This Row],[Data]]) -> 8 | D39: IXY4731 | E39: 5 | F39: =IFERROR(VLOOKUP(Tabela32[[#This Row],[Placa]],Planilha2!$A$1:$B$12,2,0),"") -> Osvaldo | G39: 6031.63 | H39: 135833.24 | I39: 1147 | J39: =IFERROR(Tabela32[[#This Row],[Valor Frete]]/Tabela32[[#This Row],[Valor Mercadoria]],"") -> 0.044404669 | K39: 0.29166667 | L39: 0.70486111 | M39: =Tabela32[[#This Row],[Hr Chegada]]-Tabela32[[#This Row],[Hr Saida]] -> 0.41319444 | N39: 140811 | O39: 140875 | P39: =Tabela32[[#This Row],[Km Chegada]]-Tabela32[[#This Row],[Km Saída]] -> 64 | Q39: 162 | R39: 21 | S39: 21 | T39: =Tabela32[[#This Row],[Entregas]]-Tabela32[[#This Row],[Realizadas]] -> 0 | U39: =Tabela32[[#This Row],[Realizadas]]/Tabela32[[#This Row],[Entregas]] -> 1 | V39: =IF(Tabela32[[#This Row],[% Entrega]]>=96%,"Atendeu a Meta","Não Atendeu a Meta") -> Atendeu a Meta | W39: Belém | X39: 0 | Y39: 0
A40: 46241 | B40: =YEAR(Tabela32[[#This Row],[Data]]) -> 2026 | C40: =MONTH(Tabela32[[#This Row],[Data]]) -> 8 | D40: IUG8767 | E40: 1 | F40: =IFERROR(VLOOKUP(Tabela32[[#This Row],[Placa]],Planilha2!$A$1:$B$12,2,0),"") -> Jerson | G40: 7320.26 | H40: 115512.41 | I40: 893 | J40: =IFERROR(Tabela32[[#This Row],[Valor Frete]]/Tabela32[[#This Row],[Valor Mercadoria]],"") -> 0.063372065 | K40: 0.29166667 | L40: 0.70625 | M40: =Tabela32[[#This Row],[Hr Chegada]]-Tabela32[[#This Row],[Hr Saida]] -> 0.41458333 | N40: 278928 | O40: 278977 | P40: =Tabela32[[#This Row],[Km Chegada]]-Tabela32[[#This Row],[Km Saída]] -> 49 | Q40: 145 | R40: 25 | S40: 25 | T40: =Tabela32[[#This Row],[Entregas]]-Tabela32[[#This Row],[Realizadas]] -> 0 | U40: =Tabela32[[#This Row],[Realizadas]]/Tabela32[[#This Row],[Entregas]] -> 1 | V40: =IF(Tabela32[[#This Row],[% Entrega]]>=96%,"Atendeu a Meta","Não Atendeu a Meta") -> Atendeu a Meta | W40: Ananindeua | X40: 2 | Y40: 38
A41: 46241 | B41: =YEAR(Tabela32[[#This Row],[Data]]) -> 2026 | C41: =MONTH(Tabela32[[#This Row],[Data]]) -> 8 | D41: IUG8882 | E41: 11 | F41: =IFERROR(VLOOKUP(Tabela32[[#This Row],[Placa]],Planilha2!$A$1:$B$12,2,0),"") -> Wesley | G41: 10933.65 | H41: 109287.82 | I41: 1145 | J41: =IFERROR(Tabela32[[#This Row],[Valor Frete]]/Tabela32[[#This Row],[Valor Mercadoria]],"") -> 0.10004454 | K41: 0.25 | L41: 0.75 | M41: =Tabela32[[#This Row],[Hr Chegada]]-Tabela32[[#This Row],[Hr Saida]] -> 0.5 | N41: 302561 | O41: 302691 | P41: =Tabela32[[#This Row],[Km Chegada]]-Tabela32[[#This Row],[Km Saída]] -> 130 | Q41: 174 | R41: 19 | S41: 19 | T41: =Tabela32[[#This Row],[Entregas]]-Tabela32[[#This Row],[Realizadas]] -> 0 | U41: =Tabela32[[#This Row],[Realizadas]]/Tabela32[[#This Row],[Entregas]] -> 1 | V41: =IF(Tabela32[[#This Row],[% Entrega]]>=96%,"Atendeu a Meta","Não Atendeu a Meta") -> Atendeu a Meta | W41: Castanhal | X41: 0 | Y41: 0
A42: 46241 | B42: =YEAR(Tabela32[[#This Row],[Data]]) -> 2026 | C42: =MONTH(Tabela32[[#This Row],[Data]]) -> 8 | D42: TRD2G21 | E42: 4 | F42: =IFERROR(VLOOKUP(Tabela32[[#This Row],[Placa]],Planilha2!$A$1:$B$12,2,0),"") -> Arnaldo | G42: 7872.43 | H42: 186025.28 | I42: 1408 | J42: =IFERROR(Tabela32[[#This Row],[Valor Frete]]/Tabela32[[#This Row],[Valor Mercadoria]],"") -> 0.042319141 | K42: 0.29166667 | L42: 0.79861111 | M42: =Tabela32[[#This Row],[Hr Chegada]]-Tabela32[[#This Row],[Hr Saida]] -> 0.50694444 | N42: 11703 | O42: 11777 | P42: =Tabela32[[#This Row],[Km Chegada]]-Tabela32[[#This Row],[Km Saída]] -> 74 | Q42: 200 | R42: 25 | S42: 25 | T42: =Tabela32[[#This Row],[Entregas]]-Tabela32[[#This Row],[Realizadas]] -> 0 | U42: =Tabela32[[#This Row],[Realizadas]]/Tabela32[[#This Row],[Entregas]] -> 1 | V42: =IF(Tabela32[[#This Row],[% Entrega]]>=96%,"Atendeu a Meta","Não Atendeu a Meta") -> Atendeu a Meta | W42: Belém | X42: 1 | Y42: 9
A43: 46241 | B43: =YEAR(Tabela32[[#This Row],[Data]]) -> 2026 | C43: =MONTH(Tabela32[[#This Row],[Data]]) -> 8 | D43: LTY8B39 | E43: 2 | F43: =IFERROR(VLOOKUP(Tabela32[[#This Row],[Placa]],Planilha2!$A$1:$B$12,2,0),"") -> Gilberto | G43: 7887.41 | H43: 108376.66 | I43: 942 | J43: =IFERROR(Tabela32[[#This Row],[Valor Frete]]/Tabela32[[#This Row],[Valor Mercadoria]],"") -> 0.072777755 | K43: 0.30555556 | L43: 0.75 | M43: =Tabela32[[#This Row],[Hr Chegada]]-Tabela32[[#This Row],[Hr Saida]] -> 0.44444444 | N43: 117242 | O43: 117317 | P43: =Tabela32[[#This Row],[Km Chegada]]-Tabela32[[#This Row],[Km Saída]] -> 75 | Q43: 149 | R43: 41 | S43: 41 | T43: =Tabela32[[#This Row],[Entregas]]-Tabela32[[#This Row],[Realizadas]] -> 0 | U43: =Tabela32[[#This Row],[Realizadas]]/Tabela32[[#This Row],[Entregas]] -> 1 | V43: =IF(Tabela32[[#This Row],[% Entrega]]>=96%,"Atendeu a Meta","Não Atendeu a Meta") -> Atendeu a Meta | W43: Belém | X43: 0 | Y43: 0
A44: 46242 | B44: =YEAR(Tabela32[[#This Row],[Data]]) -> 2026 | C44: =MONTH(Tabela32[[#This Row],[Data]]) -> 8 | D44: LTY8B39 | E44: 2 | F44: =IFERROR(VLOOKUP(Tabela32[[#This Row],[Placa]],Planilha2!$A$1:$B$12,2,0),"") -> Gilberto | G44: 3303.18 | H44: 38450.28 | I44: 497 | J44: =IFERROR(Tabela32[[#This Row],[Valor Frete]]/Tabela32[[#This Row],[Valor Mercadoria]],"") -> 0.085907827 | K44: 0.29166667 | L44: 0.74305556 | M44: =Tabela32[[#This Row],[Hr Chegada]]-Tabela32[[#This Row],[Hr Saida]] -> 0.45138889 | N44: 117317 | O44: 117363 | P44: =Tabela32[[#This Row],[Km Chegada]]-Tabela32[[#This Row],[Km Saída]] -> 46 | Q44: 86 | R44: 20 | S44: 20 | T44: =Tabela32[[#This Row],[Entregas]]-Tabela32[[#This Row],[Realizadas]] -> 0 | U44: =Tabela32[[#This Row],[Realizadas]]/Tabela32[[#This Row],[Entregas]] -> 1 | V44: =IF(Tabela32[[#This Row],[% Entrega]]>=96%,"Atendeu a Meta","Não Atendeu a Meta") -> Atendeu a Meta | W44: Belém | X44: 0 | Y44: 0
A45: 46244 | B45: =YEAR(Tabela32[[#This Row],[Data]]) -> 2026 | C45: =MONTH(Tabela32[[#This Row],[Data]]) -> 8 | D45: IYD7460 | E45: 1 | F45: =IFERROR(VLOOKUP(Tabela32[[#This Row],[Placa]],Planilha2!$A$1:$B$12,2,0),"") -> Paulo | G45: 1678.55 | H45: 68546.04 | I45: 92 | J45: =IFERROR(Tabela32[[#This Row],[Valor Frete]]/Tabela32[[#This Row],[Valor Mercadoria]],"") -> 0.024487921 | K45: 0.29166667 | L45: 0.43541667 | M45: =Tabela32[[#This Row],[Hr Chegada]]-Tabela32[[#This Row],[Hr Saida]] -> 0.14375 | N45: 153646 | O45: 153677 | P45: =Tabela32[[#This Row],[Km Chegada]]-Tabela32[[#This Row],[Km Saída]] -> 31 | Q45: 82 | R45: 2 | S45: 2 | T45: =Tabela32[[#This Row],[Entregas]]-Tabela32[[#This Row],[Realizadas]] -> 0 | U45: =Tabela32[[#This Row],[Realizadas]]/Tabela32[[#This Row],[Entregas]] -> 1 | V45: =IF(Tabela32[[#This Row],[% Entrega]]>=96%,"Atendeu a Meta","Não Atendeu a Meta") -> Atendeu a Meta | W45: Benevides | X45: 0 | Y45: 0
A46: 46244 | B46: =YEAR(Tabela32[[#This Row],[Data]]) -> 2026 | C46: =MONTH(Tabela32[[#This Row],[Data]]) -> 8 | D46: RJA2C91 | E46: 1 | F46: =IFERROR(VLOOKUP(Tabela32[[#This Row],[Placa]],Planilha2!$A$1:$B$12,2,0),"") -> Edilson | G46: 14208.89 | H46: 556611.81 | I46: 4465 | J46: =IFERROR(Tabela32[[#This Row],[Valor Frete]]/Tabela32[[#This Row],[Valor Mercadoria]],"") -> 0.025527468 | K46: 0.29166667 | L46: 0.73194444 | M46: =Tabela32[[#This Row],[Hr Chegada]]-Tabela32[[#This Row],[Hr Saida]] -> 0.44027778 | N46: 103105 | O46: 103127 | P46: =Tabela32[[#This Row],[Km Chegada]]-Tabela32[[#This Row],[Km Saída]] -> 22 | Q46: 21 | R46: 1 | S46: 1 | T46: =Tabela32[[#This Row],[Entregas]]-Tabela32[[#This Row],[Realizadas]] -> 0 | U46: =Tabela32[[#This Row],[Realizadas]]/Tabela32[[#This Row],[Entregas]] -> 1 | V46: =IF(Tabela32[[#This Row],[% Entrega]]>=96%,"Atendeu a Meta","Não Atendeu a Meta") -> Atendeu a Meta | W46: Ananindeua | X46: 0 | Y46: 0
A47: 46244 | B47: =YEAR(Tabela32[[#This Row],[Data]]) -> 2026 | C47: =MONTH(Tabela32[[#This Row],[Data]]) -> 8 | D47: IYD7460 | E47: 3 | F47: =IFERROR(VLOOKUP(Tabela32[[#This Row],[Placa]],Planilha2!$A$1:$B$12,2,0),"") -> Paulo | G47: 3490.5 | H47: 54931.47 | I47: 540 | J47: =IFERROR(Tabela32[[#This Row],[Valor Frete]]/Tabela32[[#This Row],[Valor Mercadoria]],"") -> 0.063542811 | K47: 0.29166667 | L47: 0.72569444 | M47: =Tabela32[[#This Row],[Hr Chegada]]-Tabela32[[#This Row],[Hr Saida]] -> 0.43402778 | N47: 153677 | O47: 153723 | P47: =Tabela32[[#This Row],[Km Chegada]]-Tabela32[[#This Row],[Km Saída]] -> 46 | Q47: 76 | R47: 11 | S47: 11 | T47: =Tabela32[[#This Row],[Entregas]]-Tabela32[[#This Row],[Realizadas]] -> 0 | U47: =Tabela32[[#This Row],[Realizadas]]/Tabela32[[#This Row],[Entregas]] -> 1 | V47: =IF(Tabela32[[#This Row],[% Entrega]]>=96%,"Atendeu a Meta","Não Atendeu a Meta") -> Atendeu a Meta | W47: Ananindeua | X47: 2 | Y47: 9 , 5
A48: 46244 | B48: =YEAR(Tabela32[[#This Row],[Data]]) -> 2026 | C48: =MONTH(Tabela32[[#This Row],[Data]]) -> 8 | D48: IUG8882 | E48: 4 | F48: =IFERROR(VLOOKUP(Tabela32[[#This Row],[Placa]],Planilha2!$A$1:$B$12,2,0),"") -> Wesley | G48: 6699.26 | H48: 152797.52 | I48: 1636 | J48: =IFERROR(Tabela32[[#This Row],[Valor Frete]]/Tabela32[[#This Row],[Valor Mercadoria]],"") -> 0.043844036 | K48: 0.29166667 | L48: 0.73611111 | M48: =Tabela32[[#This Row],[Hr Chegada]]-Tabela32[[#This Row],[Hr Saida]] -> 0.44444444 | N48: 302698 | O48: 302761 | P48: =Tabela32[[#This Row],[Km Chegada]]-Tabela32[[#This Row],[Km Saída]] -> 63 | Q48: 231 | R48: 21 | S48: 21 | T48: =Tabela32[[#This Row],[Entregas]]-Tabela32[[#This Row],[Realizadas]] -> 0 | U48: =Tabela32[[#This Row],[Realizadas]]/Tabela32[[#This Row],[Entregas]] -> 1 | V48: =IF(Tabela32[[#This Row],[% Entrega]]>=96%,"Atendeu a Meta","Não Atendeu a Meta") -> Atendeu a Meta | W48: Belém | X48: 0 | Y48: 0
A49: 46244 | B49: =YEAR(Tabela32[[#This Row],[Data]]) -> 2026 | C49: =MONTH(Tabela32[[#This Row],[Data]]) -> 8 | D49: TRD2G21 | E49: 3 | F49: =IFERROR(VLOOKUP(Tabela32[[#This Row],[Placa]],Planilha2!$A$1:$B$12,2,0),"") -> Arnaldo | G49: 10479.64 | H49: 203070.96 | I49: 2866 | J49: =IFERROR(Tabela32[[#This Row],[Valor Frete]]/Tabela32[[#This Row],[Valor Mercadoria]],"") -> 0.051605803 | K49: 0.29166667 | L49: 0.71736111 | M49: =Tabela32[[#This Row],[Hr Chegada]]-Tabela32[[#This Row],[Hr Saida]] -> 0.42569444 | N49: 11777 | O49: 11840 | P49: =Tabela32[[#This Row],[Km Chegada]]-Tabela32[[#This Row],[Km Saída]] -> 63 | Q49: 107 | R49: 20 | S49: 20 | T49: =Tabela32[[#This Row],[Entregas]]-Tabela32[[#This Row],[Realizadas]] -> 0 | U49: =Tabela32[[#This Row],[Realizadas]]/Tabela32[[#This Row],[Entregas]] -> 1 | V49: =IF(Tabela32[[#This Row],[% Entrega]]>=96%,"Atendeu a Meta","Não Atendeu a Meta") -> Atendeu a Meta | W49: Belém | X49: 0 | Y49: 0
A50: 46244 | B50: =YEAR(Tabela32[[#This Row],[Data]]) -> 2026 | C50: =MONTH(Tabela32[[#This Row],[Data]]) -> 8 | D50: IUG8767 | E50: 5 | F50: =IFERROR(VLOOKUP(Tabela32[[#This Row],[Placa]],Planilha2!$A$1:$B$12,2,0),"") -> Jerson | G50: 9608.5 | H50: 214881.65 | I50: 2970 | J50: =IFERROR(Tabela32[[#This Row],[Valor Frete]]/Tabela32[[#This Row],[Valor Mercadoria]],"") -> 0.044715312 | K50: 0.29166667 | L50: 0.81736111 | M50: =Tabela32[[#This Row],[Hr Chegada]]-Tabela32[[#This Row],[Hr Saida]] -> 0.52569444 | N50: 278977 | O50: 279059 | P50: =Tabela32[[#This Row],[Km Chegada]]-Tabela32[[#This Row],[Km Saída]] -> 82 | Q50: 491 | R50: 23 | S50: 23 | T50: =Tabela32[[#This Row],[Entregas]]-Tabela32[[#This Row],[Realizadas]] -> 0 | U50: =Tabela32[[#This Row],[Realizadas]]/Tabela32[[#This Row],[Entregas]] -> 1 | V50: =IF(Tabela32[[#This Row],[% Entrega]]>=96%,"Atendeu a Meta","Não Atendeu a Meta") -> Atendeu a Meta | W50: Belém | X50: 2 | Y50: 42, 9
A51: 46244 | B51: =YEAR(Tabela32[[#This Row],[Data]]) -> 2026 | C51: =MONTH(Tabela32[[#This Row],[Data]]) -> 8 | D51: LTY8B39 | E51: 11 | F51: =IFERROR(VLOOKUP(Tabela32[[#This Row],[Placa]],Planilha2!$A$1:$B$12,2,0),"") -> Gilberto | G51: 15692.95 | H51: 402526.01 | I51: 3125 | J51: =IFERROR(Tabela32[[#This Row],[Valor Frete]]/Tabela32[[#This Row],[Valor Mercadoria]],"") -> 0.038986176 | K51: 0.27083333 | L51: 0.71597222 | M51: =Tabela32[[#This Row],[Hr Chegada]]-Tabela32[[#This Row],[Hr Saida]] -> 0.44513889 | N51: 117363 | O51: 117491 | P51: =Tabela32[[#This Row],[Km Chegada]]-Tabela32[[#This Row],[Km Saída]] -> 128 | Q51: 40 | R51: 3 | S51: 3 | T51: =Tabela32[[#This Row],[Entregas]]-Tabela32[[#This Row],[Realizadas]] -> 0 | U51: =Tabela32[[#This Row],[Realizadas]]/Tabela32[[#This Row],[Entregas]] -> 1 | V51: =IF(Tabela32[[#This Row],[% Entrega]]>=96%,"Atendeu a Meta","Não Atendeu a Meta") -> Atendeu a Meta | W51: Castanhal | X51: 0 | Y51: 0
A52: 46244 | B52: =YEAR(Tabela32[[#This Row],[Data]]) -> 2026 | C52: =MONTH(Tabela32[[#This Row],[Data]]) -> 8 | D52: IXY4731 | E52: 1 | F52: =IFERROR(VLOOKUP(Tabela32[[#This Row],[Placa]],Planilha2!$A$1:$B$12,2,0),"") -> Osvaldo | G52: 1580.23 | H52: 24049.8 | I52: 440 | J52: =IFERROR(Tabela32[[#This Row],[Valor Frete]]/Tabela32[[#This Row],[Valor Mercadoria]],"") -> 0.065706576 | K52: 0.29166667 | L52: 0.76041667 | M52: =Tabela32[[#This Row],[Hr Chegada]]-Tabela32[[#This Row],[Hr Saida]] -> 0.46875 | N52: 140814 | O52: 140931 | P52: =Tabela32[[#This Row],[Km Chegada]]-Tabela32[[#This Row],[Km Saída]] -> 117 | Q52: 99 | R52: 7 | S52: 7 | T52: =Tabela32[[#This Row],[Entregas]]-Tabela32[[#This Row],[Realizadas]] -> 0 | U52: =Tabela32[[#This Row],[Realizadas]]/Tabela32[[#This Row],[Entregas]] -> 1 | V52: =IF(Tabela32[[#This Row],[% Entrega]]>=96%,"Atendeu a Meta","Não Atendeu a Meta") -> Atendeu a Meta | W52: Benevides | X52: 0 | Y52: 0
A53: 46244 | B53: =YEAR(Tabela32[[#This Row],[Data]]) -> 2026 | C53: =MONTH(Tabela32[[#This Row],[Data]]) -> 8 | D53: IUG8855 | E53: 1 | F53: =IFERROR(VLOOKUP(Tabela32[[#This Row],[Placa]],Planilha2!$A$1:$B$12,2,0),"") -> Rosinaldo | G53: 5577.17 | H53: 36607.75 | I53: 541 | J53: =IFERROR(Tabela32[[#This Row],[Valor Frete]]/Tabela32[[#This Row],[Valor Mercadoria]],"") -> 0.15234943 | K53: 0.29166667 | L53: 0.73611111 | M53: =Tabela32[[#This Row],[Hr Chegada]]-Tabela32[[#This Row],[Hr Saida]] -> 0.44444444 | N53: 289773 | O53: 289852 | P53: =Tabela32[[#This Row],[Km Chegada]]-Tabela32[[#This Row],[Km Saída]] -> 79 | Q53: 104 | R53: 9 | S53: 9 | T53: =Tabela32[[#This Row],[Entregas]]-Tabela32[[#This Row],[Realizadas]] -> 0 | U53: =Tabela32[[#This Row],[Realizadas]]/Tabela32[[#This Row],[Entregas]] -> 1 | V53: =IF(Tabela32[[#This Row],[% Entrega]]>=96%,"Atendeu a Meta","Não Atendeu a Meta") -> Atendeu a Meta | W53: Benevides | X53: 0 | Y53: 0
A54: 46244 | B54: =YEAR(Tabela32[[#This Row],[Data]]) -> 2026 | C54: =MONTH(Tabela32[[#This Row],[Data]]) -> 8 | D54: RKV1173 | E54: 1 | F54: =IFERROR(VLOOKUP(Tabela32[[#This Row],[Placa]],Planilha2!$A$1:$B$12,2,0),"") -> William | G54: 13472.32 | H54: 158606.97 | I54: 2718 | J54: =IFERROR(Tabela32[[#This Row],[Valor Frete]]/Tabela32[[#This Row],[Valor Mercadoria]],"") -> 0.084941538 | K54: 0.29166667 | L54: 0.76180556 | M54: =Tabela32[[#This Row],[Hr Chegada]]-Tabela32[[#This Row],[Hr Saida]] -> 0.47013889 | N54: 123458 | O54: 123539 | P54: =Tabela32[[#This Row],[Km Chegada]]-Tabela32[[#This Row],[Km Saída]] -> 81 | Q54: 238 | R54: 20 | S54: 20 | T54: =Tabela32[[#This Row],[Entregas]]-Tabela32[[#This Row],[Realizadas]] -> 0 | U54: =Tabela32[[#This Row],[Realizadas]]/Tabela32[[#This Row],[Entregas]] -> 1 | V54: =IF(Tabela32[[#This Row],[% Entrega]]>=96%,"Atendeu a Meta","Não Atendeu a Meta") -> Atendeu a Meta | W54: Ananindeua | X54: 0 | Y54: 0
A55: 46244 | B55: =YEAR(Tabela32[[#This Row],[Data]]) -> 2026 | C55: =MONTH(Tabela32[[#This Row],[Data]]) -> 8 | D55: IVX5G13 | E55: 1 | F55: =IFERROR(VLOOKUP(Tabela32[[#This Row],[Placa]],Planilha2!$A$1:$B$12,2,0),"") -> Heremilton | G55: 23271.12 | H55: 849954.78 | I55: 4993 | J55: =IFERROR(Tabela32[[#This Row],[Valor Frete]]/Tabela32[[#This Row],[Valor Mercadoria]],"") -> 0.027379245 | K55: 0.29166667 | L55: 0.74305556 | M55: =Tabela32[[#This Row],[Hr Chegada]]-Tabela32[[#This Row],[Hr Saida]] -> 0.45138889 | N55: 364007 | O55: 364027 | P55: =Tabela32[[#This Row],[Km Chegada]]-Tabela32[[#This Row],[Km Saída]] -> 20 | Q55: 604 | R55: 39 | S55: 39 | T55: =Tabela32[[#This Row],[Entregas]]-Tabela32[[#This Row],[Realizadas]] -> 0 | U55: =Tabela32[[#This Row],[Realizadas]]/Tabela32[[#This Row],[Entregas]] -> 1 | V55: =IF(Tabela32[[#This Row],[% Entrega]]>=96%,"Atendeu a Meta","Não Atendeu a Meta") -> Atendeu a Meta | W55: Belém | X55: 0 | Y55: 0
A56: 46245 | B56: =YEAR(Tabela32[[#This Row],[Data]]) -> 2026 | C56: =MONTH(Tabela32[[#This Row],[Data]]) -> 8 | D56: TRD2G21 | E56: 3 | F56: =IFERROR(VLOOKUP(Tabela32[[#This Row],[Placa]],Planilha2!$A$1:$B$12,2,0),"") -> Arnaldo | G56: 8333.45 | H56: 173187.04 | I56: 1310 | J56: =IFERROR(Tabela32[[#This Row],[Valor Frete]]/Tabela32[[#This Row],[Valor Mercadoria]],"") -> 0.048118208 | K56: 0.29166667 | L56: 0.73611111 | M56: =Tabela32[[#This Row],[Hr Chegada]]-Tabela32[[#This Row],[Hr Saida]] -> 0.44444444 | N56: 11841 | O56: 11896 | P56: =Tabela32[[#This Row],[Km Chegada]]-Tabela32[[#This Row],[Km Saída]] -> 55 | Q56: 205 | R56: 28 | S56: 28 | T56: =Tabela32[[#This Row],[Entregas]]-Tabela32[[#This Row],[Realizadas]] -> 0 | U56: =Tabela32[[#This Row],[Realizadas]]/Tabela32[[#This Row],[Entregas]] -> 1 | V56: =IF(Tabela32[[#This Row],[% Entrega]]>=96%,"Atendeu a Meta","Não Atendeu a Meta") -> Atendeu a Meta | W56: Belém | X56: 0 | Y56: 0
A57: 46245 | B57: =YEAR(Tabela32[[#This Row],[Data]]) -> 2026 | C57: =MONTH(Tabela32[[#This Row],[Data]]) -> 8 | D57: IUG8855 | E57: 1 | F57: =IFERROR(VLOOKUP(Tabela32[[#This Row],[Placa]],Planilha2!$A$1:$B$12,2,0),"") -> Rosinaldo | G57: 4968.05 | H57: 99510.63 | I57: 664 | J57: =IFERROR(Tabela32[[#This Row],[Valor Frete]]/Tabela32[[#This Row],[Valor Mercadoria]],"") -> 0.049924817 | K57: 0.29166667 | L57: 0.75 | M57: =Tabela32[[#This Row],[Hr Chegada]]-Tabela32[[#This Row],[Hr Saida]] -> 0.45833333 | N57: 289832 | O57: 289919 | P57: =Tabela32[[#This Row],[Km Chegada]]-Tabela32[[#This Row],[Km Saída]] -> 87 | Q57: 202 | R57: 10 | S57: 10 | T57: =Tabela32[[#This Row],[Entregas]]-Tabela32[[#This Row],[Realizadas]] -> 0 | U57: =Tabela32[[#This Row],[Realizadas]]/Tabela32[[#This Row],[Entregas]] -> 1 | V57: =IF(Tabela32[[#This Row],[% Entrega]]>=96%,"Atendeu a Meta","Não Atendeu a Meta") -> Atendeu a Meta | W57: Belém | X57: 0 | Y57: 0
A58: 46245 | B58: =YEAR(Tabela32[[#This Row],[Data]]) -> 2026 | C58: =MONTH(Tabela32[[#This Row],[Data]]) -> 8 | D58: IUG8882 | E58: 2 | F58: =IFERROR(VLOOKUP(Tabela32[[#This Row],[Placa]],Planilha2!$A$1:$B$12,2,0),"") -> Wesley | G58: 5884.88 | H58: 103112.02 | I58: 1764 | J58: =IFERROR(Tabela32[[#This Row],[Valor Frete]]/Tabela32[[#This Row],[Valor Mercadoria]],"") -> 0.057072687 | K58: 0.29166667 | L58: 0.75694444 | M58: =Tabela32[[#This Row],[Hr Chegada]]-Tabela32[[#This Row],[Hr Saida]] -> 0.46527778 | N58: 302761 | O58: 302814 | P58: =Tabela32[[#This Row],[Km Chegada]]-Tabela32[[#This Row],[Km Saída]] -> 53 | Q58: 408 | R58: 22 | S58: 22 | T58: =Tabela32[[#This Row],[Entregas]]-Tabela32[[#This Row],[Realizadas]] -> 0 | U58: =Tabela32[[#This Row],[Realizadas]]/Tabela32[[#This Row],[Entregas]] -> 1 | V58: =IF(Tabela32[[#This Row],[% Entrega]]>=96%,"Atendeu a Meta","Não Atendeu a Meta") -> Atendeu a Meta | W58: Belém | X58: 0 | Y58: 0
A59: 46245 | B59: =YEAR(Tabela32[[#This Row],[Data]]) -> 2026 | C59: =MONTH(Tabela32[[#This Row],[Data]]) -> 8 | D59: IXY4731 | E59: 1 | F59: =IFERROR(VLOOKUP(Tabela32[[#This Row],[Placa]],Planilha2!$A$1:$B$12,2,0),"") -> Osvaldo | G59: 7511.12 | H59: 66056.6 | I59: 1345 | J59: =IFERROR(Tabela32[[#This Row],[Valor Frete]]/Tabela32[[#This Row],[Valor Mercadoria]],"") -> 0.11370734 | K59: 0.29166667 | L59: 0.75 | M59: =Tabela32[[#This Row],[Hr Chegada]]-Tabela32[[#This Row],[Hr Saida]] -> 0.45833333 | N59: 140931 | O59: 141128 | P59: =Tabela32[[#This Row],[Km Chegada]]-Tabela32[[#This Row],[Km Saída]] -> 197 | Q59: 176 | R59: 17 | S59: 17 | T59: =Tabela32[[#This Row],[Entregas]]-Tabela32[[#This Row],[Realizadas]] -> 0 | U59: =Tabela32[[#This Row],[Realizadas]]/Tabela32[[#This Row],[Entregas]] -> 1 | V59: =IF(Tabela32[[#This Row],[% Entrega]]>=96%,"Atendeu a Meta","Não Atendeu a Meta") -> Atendeu a Meta | W59: Benevides | X59: 0 | Y59: 0
A60: 46245 | B60: =YEAR(Tabela32[[#This Row],[Data]]) -> 2026 | C60: =MONTH(Tabela32[[#This Row],[Data]]) -> 8 | D60: IYD7460 | E60: 1 | F60: =IFERROR(VLOOKUP(Tabela32[[#This Row],[Placa]],Planilha2!$A$1:$B$12,2,0),"") -> Paulo | G60: 1584.91 | H60: 7487.8 | I60: 195 | J60: =IFERROR(Tabela32[[#This Row],[Valor Frete]]/Tabela32[[#This Row],[Valor Mercadoria]],"") -> 0.21166564 | K60: 0.29166667 | L60: 0.66666667 | M60: =Tabela32[[#This Row],[Hr Chegada]]-Tabela32[[#This Row],[Hr Saida]] -> 0.375 | N60: 153694 | O60: 153753 | P60: =Tabela32[[#This Row],[Km Chegada]]-Tabela32[[#This Row],[Km Saída]] -> 59 | Q60: 31 | R60: 1 | S60: 1 | T60: =Tabela32[[#This Row],[Entregas]]-Tabela32[[#This Row],[Realizadas]] -> 0 | U60: =Tabela32[[#This Row],[Realizadas]]/Tabela32[[#This Row],[Entregas]] -> 1 | V60: =IF(Tabela32[[#This Row],[% Entrega]]>=96%,"Atendeu a Meta","Não Atendeu a Meta") -> Atendeu a Meta | W60: Benevides | X60: 0 | Y60: 0
A61: 46245 | B61: =YEAR(Tabela32[[#This Row],[Data]]) -> 2026 | C61: =MONTH(Tabela32[[#This Row],[Data]]) -> 8 | D61: IUG8767 | E61: 5 | F61: =IFERROR(VLOOKUP(Tabela32[[#This Row],[Placa]],Planilha2!$A$1:$B$12,2,0),"") -> Jerson | G61: 6261.94 | H61: 11079.14 | I61: 1182 | J61: =IFERROR(Tabela32[[#This Row],[Valor Frete]]/Tabela32[[#This Row],[Valor Mercadoria]],"") -> 0.56520091 | K61: 0.29166667 | L61: 0.74652778 | M61: =Tabela32[[#This Row],[Hr Chegada]]-Tabela32[[#This Row],[Hr Saida]] -> 0.45486111 | N61: 279059 | O61: 279145 | P61: =Tabela32[[#This Row],[Km Chegada]]-Tabela32[[#This Row],[Km Saída]] -> 86 | Q61: 190 | R61: 30 | S61: 30 | T61: =Tabela32[[#This Row],[Entregas]]-Tabela32[[#This Row],[Realizadas]] -> 0 | U61: =Tabela32[[#This Row],[Realizadas]]/Tabela32[[#This Row],[Entregas]] -> 1 | V61: =IF(Tabela32[[#This Row],[% Entrega]]>=96%,"Atendeu a Meta","Não Atendeu a Meta") -> Atendeu a Meta | W61: Belém | X61: 0 | Y61: 0
A62: 46245 | B62: =YEAR(Tabela32[[#This Row],[Data]]) -> 2026 | C62: =MONTH(Tabela32[[#This Row],[Data]]) -> 8 | D62: RKV1173 | E62: 4 | F62: =IFERROR(VLOOKUP(Tabela32[[#This Row],[Placa]],Planilha2!$A$1:$B$12,2,0),"") -> William | G62: 13239.31 | H62: 288957.73 | I62: 2473 | J62: =IFERROR(Tabela32[[#This Row],[Valor Frete]]/Tabela32[[#This Row],[Valor Mercadoria]],"") -> 0.045817463 | K62: 0.29166667 | L62: 0.75069444 | M62: =Tabela32[[#This Row],[Hr Chegada]]-Tabela32[[#This Row],[Hr Saida]] -> 0.45902778 | N62: 123554 | O62: 123596 | P62: =Tabela32[[#This Row],[Km Chegada]]-Tabela32[[#This Row],[Km Saída]] -> 42 | Q62: 364 | R62: 41 | S62: 38 | T62: =Tabela32[[#This Row],[Entregas]]-Tabela32[[#This Row],[Realizadas]] -> 3 | U62: =Tabela32[[#This Row],[Realizadas]]/Tabela32[[#This Row],[Entregas]] -> 0.92682927 | V62: =IF(Tabela32[[#This Row],[% Entrega]]>=96%,"Atendeu a Meta","Não Atendeu a Meta") -> Não Atendeu a Meta | W62: Belém | X62: 3 | Y62: 13,13,13
A63: 46245 | B63: =YEAR(Tabela32[[#This Row],[Data]]) -> 2026 | C63: =MONTH(Tabela32[[#This Row],[Data]]) -> 8 | D63: LTY8B39 | E63: 11 | F63: =IFERROR(VLOOKUP(Tabela32[[#This Row],[Placa]],Planilha2!$A$1:$B$12,2,0),"") -> Gilberto | G63: 9594.73 | H63: 136318.66 | I63: 1306 | J63: =IFERROR(Tabela32[[#This Row],[Valor Frete]]/Tabela32[[#This Row],[Valor Mercadoria]],"") -> 0.070384568 | K63: 0.25 | L63: 0.74375 | M63: =Tabela32[[#This Row],[Hr Chegada]]-Tabela32[[#This Row],[Hr Saida]] -> 0.49375 | N63: 117491 | O63: 117629 | P63: =Tabela32[[#This Row],[Km Chegada]]-Tabela32[[#This Row],[Km Saída]] -> 138 | Q63: 202 | R63: 37 | S63: 37 | T63: =Tabela32[[#This Row],[Entregas]]-Tabela32[[#This Row],[Realizadas]] -> 0 | U63: =Tabela32[[#This Row],[Realizadas]]/Tabela32[[#This Row],[Entregas]] -> 1 | V63: =IF(Tabela32[[#This Row],[% Entrega]]>=96%,"Atendeu a Meta","Não Atendeu a Meta") -> Atendeu a Meta | W63: Castanhal | X63: 1 | Y63: 8
A64: 46245 | B64: =YEAR(Tabela32[[#This Row],[Data]]) -> 2026 | C64: =MONTH(Tabela32[[#This Row],[Data]]) -> 8 | D64: RJA2C91 | E64: 11 | F64: =IFERROR(VLOOKUP(Tabela32[[#This Row],[Placa]],Planilha2!$A$1:$B$12,2,0),"") -> Edilson | G64: 14968.94 | H64: 889416.5 | I64: 1858 | J64: =IFERROR(Tabela32[[#This Row],[Valor Frete]]/Tabela32[[#This Row],[Valor Mercadoria]],"") -> 0.016830068 | K64: 0.25 | L64: 0.75 | M64: =Tabela32[[#This Row],[Hr Chegada]]-Tabela32[[#This Row],[Hr Saida]] -> 0.5 | N64: 103117 | O64: 103253 | P64: =Tabela32[[#This Row],[Km Chegada]]-Tabela32[[#This Row],[Km Saída]] -> 136 | Q64: 115 | R64: 18 | S64: 18 | T64: =Tabela32[[#This Row],[Entregas]]-Tabela32[[#This Row],[Realizadas]] -> 0 | U64: =Tabela32[[#This Row],[Realizadas]]/Tabela32[[#This Row],[Entregas]] -> 1 | V64: =IF(Tabela32[[#This Row],[% Entrega]]>=96%,"Atendeu a Meta","Não Atendeu a Meta") -> Atendeu a Meta | W64: Castanhal | X64: 0 | Y64: 0
A65: 46246 | B65: =YEAR(Tabela32[[#This Row],[Data]]) -> 2026 | C65: =MONTH(Tabela32[[#This Row],[Data]]) -> 8 | D65: IUG8855 | E65: 11 | F65: =IFERROR(VLOOKUP(Tabela32[[#This Row],[Placa]],Planilha2!$A$1:$B$12,2,0),"") -> Rosinaldo | G65: 9959.56 | H65: 209678.62 | I65: 1710 | J65: =IFERROR(Tabela32[[#This Row],[Valor Frete]]/Tabela32[[#This Row],[Valor Mercadoria]],"") -> 0.047499168 | K65: 0.25 | L65: 0.75 | M65: =Tabela32[[#This Row],[Hr Chegada]]-Tabela32[[#This Row],[Hr Saida]] -> 0.5 | N65: 289919 | O65: 290052 | P65: =Tabela32[[#This Row],[Km Chegada]]-Tabela32[[#This Row],[Km Saída]] -> 133 | Q65: 462 | R65: 14 | S65: 14 | T65: =Tabela32[[#This Row],[Entregas]]-Tabela32[[#This Row],[Realizadas]] -> 0 | U65: =Tabela32[[#This Row],[Realizadas]]/Tabela32[[#This Row],[Entregas]] -> 1 | V65: =IF(Tabela32[[#This Row],[% Entrega]]>=96%,"Atendeu a Meta","Não Atendeu a Meta") -> Atendeu a Meta | W65: Castanhal | X65: 0 | Y65: 0
A66: 46246 | B66: =YEAR(Tabela32[[#This Row],[Data]]) -> 2026 | C66: =MONTH(Tabela32[[#This Row],[Data]]) -> 8 | D66: IUG8882 | E66: 2 | F66: =IFERROR(VLOOKUP(Tabela32[[#This Row],[Placa]],Planilha2!$A$1:$B$12,2,0),"") -> Wesley | G66: 12632.35 | H66: 228744.65 | I66: 2403 | J66: =IFERROR(Tabela32[[#This Row],[Valor Frete]]/Tabela32[[#This Row],[Valor Mercadoria]],"") -> 0.05522468 | K66: 0.29166667 | L66: 0.75 | M66: =Tabela32[[#This Row],[Hr Chegada]]-Tabela32[[#This Row],[Hr Saida]] -> 0.45833333 | N66: 302814 | O66: 302867 | P66: =Tabela32[[#This Row],[Km Chegada]]-Tabela32[[#This Row],[Km Saída]] -> 53 | Q66: 361 | R66: 55 | S66: 55 | T66: =Tabela32[[#This Row],[Entregas]]-Tabela32[[#This Row],[Realizadas]] -> 0 | U66: =Tabela32[[#This Row],[Realizadas]]/Tabela32[[#This Row],[Entregas]] -> 1 | V66: =IF(Tabela32[[#This Row],[% Entrega]]>=96%,"Atendeu a Meta","Não Atendeu a Meta") -> Atendeu a Meta | W66: Belém | X66: 0 | Y66: 0
A67: 46246 | B67: =YEAR(Tabela32[[#This Row],[Data]]) -> 2026 | C67: =MONTH(Tabela32[[#This Row],[Data]]) -> 8 | D67: RJA2C91 | E67: 11 | F67: =IFERROR(VLOOKUP(Tabela32[[#This Row],[Placa]],Planilha2!$A$1:$B$12,2,0),"") -> Edilson | G67: 15755.52 | H67: 332632.09 | I67: 2982 | J67: =IFERROR(Tabela32[[#This Row],[Valor Frete]]/Tabela32[[#This Row],[Valor Mercadoria]],"") -> 0.047366206 | K67: 0.25 | L67: 0.75 | M67: =Tabela32[[#This Row],[Hr Chegada]]-Tabela32[[#This Row],[Hr Saida]] -> 0.5 | N67: 103253 | O67: 103402 | P67: =Tabela32[[#This Row],[Km Chegada]]-Tabela32[[#This Row],[Km Saída]] -> 149 | Q67: 149 | R67: 13 | S67: 13 | T67: =Tabela32[[#This Row],[Entregas]]-Tabela32[[#This Row],[Realizadas]] -> 0 | U67: =Tabela32[[#This Row],[Realizadas]]/Tabela32[[#This Row],[Entregas]] -> 1 | V67: =IF(Tabela32[[#This Row],[% Entrega]]>=96%,"Atendeu a Meta","Não Atendeu a Meta") -> Atendeu a Meta | W67: Castanhal | X67: 0 | Y67: 0
A68: 46246 | B68: =YEAR(Tabela32[[#This Row],[Data]]) -> 2026 | C68: =MONTH(Tabela32[[#This Row],[Data]]) -> 8 | D68: RKV1173 | E68: 1 | F68: =IFERROR(VLOOKUP(Tabela32[[#This Row],[Placa]],Planilha2!$A$1:$B$12,2,0),"") -> William | G68: 4236.68 | H68: 90140.12 | I68: 542 | J68: =IFERROR(Tabela32[[#This Row],[Valor Frete]]/Tabela32[[#This Row],[Valor Mercadoria]],"") -> 0.047001047 | K68: 0.29166667 | L68: 0.67361111 | M68: =Tabela32[[#This Row],[Hr Chegada]]-Tabela32[[#This Row],[Hr Saida]] -> 0.38194444 | N68: 123596 | O68: 123626 | P68: =Tabela32[[#This Row],[Km Chegada]]-Tabela32[[#This Row],[Km Saída]] -> 30 | Q68: 69 | R68: 5 | S68: 5 | T68: =Tabela32[[#This Row],[Entregas]]-Tabela32[[#This Row],[Realizadas]] -> 0 | U68: =Tabela32[[#This Row],[Realizadas]]/Tabela32[[#This Row],[Entregas]] -> 1 | V68: =IF(Tabela32[[#This Row],[% Entrega]]>=96%,"Atendeu a Meta","Não Atendeu a Meta") -> Atendeu a Meta | W68: Belém | X68: 0 | Y68: 0
A69: 46246 | B69: =YEAR(Tabela32[[#This Row],[Data]]) -> 2026 | C69: =MONTH(Tabela32[[#This Row],[Data]]) -> 8 | D69: IXY4731 | E69: 1 | F69: =IFERROR(VLOOKUP(Tabela32[[#This Row],[Placa]],Planilha2!$A$1:$B$12,2,0),"") -> Osvaldo | G69: 5657.91 | H69: 117922.23 | I69: 1332 | J69: =IFERROR(Tabela32[[#This Row],[Valor Frete]]/Tabela32[[#This Row],[Valor Mercadoria]],"") -> 0.047980012 | K69: 0.29166667 | L69: 0.70138889 | M69: =Tabela32[[#This Row],[Hr Chegada]]-Tabela32[[#This Row],[Hr Saida]] -> 0.40972222 | N69: 141128 | O69: 141186 | P69: =Tabela32[[#This Row],[Km Chegada]]-Tabela32[[#This Row],[Km Saída]] -> 58 | Q69: 148 | R69: 29 | S69: 29 | T69: =Tabela32[[#This Row],[Entregas]]-Tabela32[[#This Row],[Realizadas]] -> 0 | U69: =Tabela32[[#This Row],[Realizadas]]/Tabela32[[#This Row],[Entregas]] -> 1 | V69: =IF(Tabela32[[#This Row],[% Entrega]]>=96%,"Atendeu a Meta","Não Atendeu a Meta") -> Atendeu a Meta | W69: Ananindeua | X69: 0 | Y69: 0
A70: 46246 | B70: =YEAR(Tabela32[[#This Row],[Data]]) -> 2026 | C70: =MONTH(Tabela32[[#This Row],[Data]]) -> 8 | D70: IYD7460 | E70: 1 | F70: =IFERROR(VLOOKUP(Tabela32[[#This Row],[Placa]],Planilha2!$A$1:$B$12,2,0),"") -> Paulo | G70: 4693.98 | H70: 37659.29 | I70: 507 | J70: =IFERROR(Tabela32[[#This Row],[Valor Frete]]/Tabela32[[#This Row],[Valor Mercadoria]],"") -> 0.12464335 | K70: 0.29166667 | L70: 0.70833333 | M70: =Tabela32[[#This Row],[Hr Chegada]]-Tabela32[[#This Row],[Hr Saida]] -> 0.41666667 | N70: 153753 | O70: 153814 | P70: =Tabela32[[#This Row],[Km Chegada]]-Tabela32[[#This Row],[Km Saída]] -> 61 | Q70: 105 | R70: 7 | S70: 7 | T70: =Tabela32[[#This Row],[Entregas]]-Tabela32[[#This Row],[Realizadas]] -> 0 | U70: =Tabela32[[#This Row],[Realizadas]]/Tabela32[[#This Row],[Entregas]] -> 1 | V70: =IF(Tabela32[[#This Row],[% Entrega]]>=96%,"Atendeu a Meta","Não Atendeu a Meta") -> Atendeu a Meta | W70: Ananindeua | X70: 0 | Y70: 0
A71: 46246 | B71: =YEAR(Tabela32[[#This Row],[Data]]) -> 2026 | C71: =MONTH(Tabela32[[#This Row],[Data]]) -> 8 | D71: LTY8B39 | E71: 11 | F71: =IFERROR(VLOOKUP(Tabela32[[#This Row],[Placa]],Planilha2!$A$1:$B$12,2,0),"") -> Gilberto | G71: 5518.8 | H71: 137481.15 | I71: 523 | J71: =IFERROR(Tabela32[[#This Row],[Valor Frete]]/Tabela32[[#This Row],[Valor Mercadoria]],"") -> 0.04014223 | K71: 0.25 | L71: 0.70833333 | M71: =Tabela32[[#This Row],[Hr Chegada]]-Tabela32[[#This Row],[Hr Saida]] -> 0.45833333 | N71: 117629 | O71: 117763 | P71: =Tabela32[[#This Row],[Km Chegada]]-Tabela32[[#This Row],[Km Saída]] -> 134 | Q71: 278 | R71: 14 | S71: 14 | T71: =Tabela32[[#This Row],[Entregas]]-Tabela32[[#This Row],[Realizadas]] -> 0 | U71: =Tabela32[[#This Row],[Realizadas]]/Tabela32[[#This Row],[Entregas]] -> 1 | V71: =IF(Tabela32[[#This Row],[% Entrega]]>=96%,"Atendeu a Meta","Não Atendeu a Meta") -> Atendeu a Meta | W71: Castanhal | X71: 0 | Y71: 0
A72: 46246 | B72: =YEAR(Tabela32[[#This Row],[Data]]) -> 2026 | C72: =MONTH(Tabela32[[#This Row],[Data]]) -> 8 | D72: TRD2G21 | E72: 3 | F72: =IFERROR(VLOOKUP(Tabela32[[#This Row],[Placa]],Planilha2!$A$1:$B$12,2,0),"") -> Arnaldo | G72: 4275.37 | H72: 104020.84 | I72: 1171 | J72: =IFERROR(Tabela32[[#This Row],[Valor Frete]]/Tabela32[[#This Row],[Valor Mercadoria]],"") -> 0.041101091 | K72: 0.29166667 | L72: 0.70833333 | M72: =Tabela32[[#This Row],[Hr Chegada]]-Tabela32[[#This Row],[Hr Saida]] -> 0.41666667 | N72: 11896 | O72: 11964 | P72: =Tabela32[[#This Row],[Km Chegada]]-Tabela32[[#This Row],[Km Saída]] -> 68 | Q72: 149 | R72: 11 | S72: 11 | T72: =Tabela32[[#This Row],[Entregas]]-Tabela32[[#This Row],[Realizadas]] -> 0 | U72: =Tabela32[[#This Row],[Realizadas]]/Tabela32[[#This Row],[Entregas]] -> 1 | V72: =IF(Tabela32[[#This Row],[% Entrega]]>=96%,"Atendeu a Meta","Não Atendeu a Meta") -> Atendeu a Meta | W72: Belém | X72: 0 | Y72: 0
A73: 46246 | B73: =YEAR(Tabela32[[#This Row],[Data]]) -> 2026 | C73: =MONTH(Tabela32[[#This Row],[Data]]) -> 8 | D73: IUG8767 | E73: 5 | F73: =IFERROR(VLOOKUP(Tabela32[[#This Row],[Placa]],Planilha2!$A$1:$B$12,2,0),"") -> Jerson | G73: 10605.63 | H73: 152531.4 | I73: 1627 | J73: =IFERROR(Tabela32[[#This Row],[Valor Frete]]/Tabela32[[#This Row],[Valor Mercadoria]],"") -> 0.069530798 | K73: 0.29166667 | L73: 0.79166667 | M73: =Tabela32[[#This Row],[Hr Chegada]]-Tabela32[[#This Row],[Hr Saida]] -> 0.5 | N73: 279145 | O73: 279229 | P73: =Tabela32[[#This Row],[Km Chegada]]-Tabela32[[#This Row],[Km Saída]] -> 84 | Q73: 365 | R73: 33 | S73: 33 | T73: =Tabela32[[#This Row],[Entregas]]-Tabela32[[#This Row],[Realizadas]] -> 0 | U73: =Tabela32[[#This Row],[Realizadas]]/Tabela32[[#This Row],[Entregas]] -> 1 | V73: =IF(Tabela32[[#This Row],[% Entrega]]>=96%,"Atendeu a Meta","Não Atendeu a Meta") -> Atendeu a Meta | W73: Belém | X73: 0 | Y73: 0
A74: 46247 | B74: =YEAR(Tabela32[[#This Row],[Data]]) -> 2026 | C74: =MONTH(Tabela32[[#This Row],[Data]]) -> 8 | D74: IXY4731 | E74: 2 | F74: =IFERROR(VLOOKUP(Tabela32[[#This Row],[Placa]],Planilha2!$A$1:$B$12,2,0),"") -> Osvaldo | G74: 4149.43 | H74: 64802.46 | I74: 772 | J74: =IFERROR(Tabela32[[#This Row],[Valor Frete]]/Tabela32[[#This Row],[Valor Mercadoria]],"") -> 0.064031983 | K74: 0.29166667 | L74: 0.73611111 | M74: =Tabela32[[#This Row],[Hr Chegada]]-Tabela32[[#This Row],[Hr Saida]] -> 0.44444444 | N74: 141186 | O74: 141261 | P74: =Tabela32[[#This Row],[Km Chegada]]-Tabela32[[#This Row],[Km Saída]] -> 75 | Q74: 158 | R74: 13 | S74: 13 | T74: =Tabela32[[#This Row],[Entregas]]-Tabela32[[#This Row],[Realizadas]] -> 0 | U74: =Tabela32[[#This Row],[Realizadas]]/Tabela32[[#This Row],[Entregas]] -> 1 | V74: =IF(Tabela32[[#This Row],[% Entrega]]>=96%,"Atendeu a Meta","Não Atendeu a Meta") -> Atendeu a Meta | W74: Ananindeua | X74: 0 | Y74: 0
... A86: 46248 | B86: =YEAR(Tabela32[[#This Row],[Data]]) -> 2026 | C86: =MONTH(Tabela32[[#This Row],[Data]]) -> 8 | D86: LTY8B39 | E86: 3 | F86: =IFERROR(VLOOKUP(Tabela32[[#This Row],[Placa]],Planilha2!$A$1:$B$12,2,0),"") -> Gilberto | G86: 10059.02 | H86: 66344.72 | I86: 5603 | J86: =IFERROR(Tabela32[[#This Row],[Valor Frete]]/Tabela32[[#This Row],[Valor Mercadoria]],"") -> 0.15161749 | K86: 0.29166667 | L86: 0.5 | M86: =Tabela32[[#This Row],[Hr Chegada]]-Tabela32[[#This Row],[Hr Saida]] -> 0.20833333 | N86: 117817 | O86: 117886 | P86: =Tabela32[[#This Row],[Km Chegada]]-Tabela32[[#This Row],[Km Saída]] -> 69 | Q86: 561 | R86: 2 | S86: 2 | T86: =Tabela32[[#This Row],[Entregas]]-Tabela32[[#This Row],[Realizadas]] -> 0 | U86: =Tabela32[[#This Row],[Realizadas]]/Tabela32[[#This Row],[Entregas]] -> 1 | V86: =IF(Tabela32[[#This Row],[% Entrega]]>=96%,"Atendeu a Meta","Não Atendeu a Meta") -> Atendeu a Meta | W86: Belém | X86: 0 | Y86: 0
A87: 46248 | B87: =YEAR(Tabela32[[#This Row],[Data]]) -> 2026 | C87: =MONTH(Tabela32[[#This Row],[Data]]) -> 8 | D87: IUG8767 | E87: 5 | F87: =IFERROR(VLOOKUP(Tabela32[[#This Row],[Placa]],Planilha2!$A$1:$B$12,2,0),"") -> Jerson | G87: 6929.72 | H87: 109427.11 | I87: 1223 | J87: =IFERROR(Tabela32[[#This Row],[Valor Frete]]/Tabela32[[#This Row],[Valor Mercadoria]],"") -> 0.063327269 | K87: 0.30555556 | L87: 0.78125 | M87: =Tabela32[[#This Row],[Hr Chegada]]-Tabela32[[#This Row],[Hr Saida]] -> 0.47569444 | N87: 279314 | O87: 279422 | P87: =Tabela32[[#This Row],[Km Chegada]]-Tabela32[[#This Row],[Km Saída]] -> 108 | Q87: 155 | R87: 23 | S87: 20 | T87: =Tabela32[[#This Row],[Entregas]]-Tabela32[[#This Row],[Realizadas]] -> 3 | U87: =Tabela32[[#This Row],[Realizadas]]/Tabela32[[#This Row],[Entregas]] -> 0.86956522 | V87: =IF(Tabela32[[#This Row],[% Entrega]]>=96%,"Atendeu a Meta","Não Atendeu a Meta") -> Não Atendeu a Meta | W87: Belém | X87: 3 | Y87: 13,13,13
A88: 46248 | B88: =YEAR(Tabela32[[#This Row],[Data]]) -> 2026 | C88: =MONTH(Tabela32[[#This Row],[Data]]) -> 8 | D88: IUG8882 | E88: 4 | F88: =IFERROR(VLOOKUP(Tabela32[[#This Row],[Placa]],Planilha2!$A$1:$B$12,2,0),"") -> Wesley | G88: 7158.89 | H88: 169228.66 | I88: 1333 | J88: =IFERROR(Tabela32[[#This Row],[Valor Frete]]/Tabela32[[#This Row],[Valor Mercadoria]],"") -> 0.042303059 | K88: 0.30555556 | L88: 0.74305556 | M88: =Tabela32[[#This Row],[Hr Chegada]]-Tabela32[[#This Row],[Hr Saida]] -> 0.4375 | N88: 302940 | O88: 303019 | P88: =Tabela32[[#This Row],[Km Chegada]]-Tabela32[[#This Row],[Km Saída]] -> 79 | Q88: 237 | R88: 22 | S88: 22 | T88: =Tabela32[[#This Row],[Entregas]]-Tabela32[[#This Row],[Realizadas]] -> 0 | U88: =Tabela32[[#This Row],[Realizadas]]/Tabela32[[#This Row],[Entregas]] -> 1 | V88: =IF(Tabela32[[#This Row],[% Entrega]]>=96%,"Atendeu a Meta","Não Atendeu a Meta") -> Atendeu a Meta | W88: Belém | X88: 0 | Y88: 0
A89: 46248 | B89: =YEAR(Tabela32[[#This Row],[Data]]) -> 2026 | C89: =MONTH(Tabela32[[#This Row],[Data]]) -> 8 | D89: TRD2G21 | E89: 11 | F89: =IFERROR(VLOOKUP(Tabela32[[#This Row],[Placa]],Planilha2!$A$1:$B$12,2,0),"") -> Arnaldo | G89: 14499.96 | H89: 338284.13 | I89: 2232 | J89: =IFERROR(Tabela32[[#This Row],[Valor Frete]]/Tabela32[[#This Row],[Valor Mercadoria]],"") -> 0.042863258 | K89: 0.25 | L89: 0.77777778 | M89: =Tabela32[[#This Row],[Hr Chegada]]-Tabela32[[#This Row],[Hr Saida]] -> 0.52777778 | N89: 12099 | O89: 12226 | P89: =Tabela32[[#This Row],[Km Chegada]]-Tabela32[[#This Row],[Km Saída]] -> 127 | Q89: 48 | R89: 9 | S89: 9 | T89: =Tabela32[[#This Row],[Entregas]]-Tabela32[[#This Row],[Realizadas]] -> 0 | U89: =Tabela32[[#This Row],[Realizadas]]/Tabela32[[#This Row],[Entregas]] -> 1 | V89: =IF(Tabela32[[#This Row],[% Entrega]]>=96%,"Atendeu a Meta","Não Atendeu a Meta") -> Atendeu a Meta | W89: Castanhal | X89: 0 | Y89: 0
A90: 46248 | B90: =YEAR(Tabela32[[#This Row],[Data]]) -> 2026 | C90: =MONTH(Tabela32[[#This Row],[Data]]) -> 8 | D90: RJA2C91 | E90: 1 | F90: =IFERROR(VLOOKUP(Tabela32[[#This Row],[Placa]],Planilha2!$A$1:$B$12,2,0),"") -> Edilson | G90: 11679.11 | H90: 836250.49 | I90: 1540 | J90: =IFERROR(Tabela32[[#This Row],[Valor Frete]]/Tabela32[[#This Row],[Valor Mercadoria]],"") -> 0.013966043 | K90: 0.25 | L90: 0.75138889 | M90: =Tabela32[[#This Row],[Hr Chegada]]-Tabela32[[#This Row],[Hr Saida]] -> 0.50138889 | N90: 103436 | O90: 103478 | P90: =Tabela32[[#This Row],[Km Chegada]]-Tabela32[[#This Row],[Km Saída]] -> 42 | Q90: 87 | R90: 8 | S90: 8 | T90: =Tabela32[[#This Row],[Entregas]]-Tabela32[[#This Row],[Realizadas]] -> 0 | U90: =Tabela32[[#This Row],[Realizadas]]/Tabela32[[#This Row],[Entregas]] -> 1 | V90: =IF(Tabela32[[#This Row],[% Entrega]]>=96%,"Atendeu a Meta","Não Atendeu a Meta") -> Atendeu a Meta | W90: Benevides | X90: 0 | Y90: 0
A91: 46248 | B91: =YEAR(Tabela32[[#This Row],[Data]]) -> 2026 | C91: =MONTH(Tabela32[[#This Row],[Data]]) -> 8 | D91: IUG8855 | E91: 3 | F91: =IFERROR(VLOOKUP(Tabela32[[#This Row],[Placa]],Planilha2!$A$1:$B$12,2,0),"") -> Rosinaldo | G91: 6830.4 | H91: 91300.7 | I91: 1245 | J91: =IFERROR(Tabela32[[#This Row],[Valor Frete]]/Tabela32[[#This Row],[Valor Mercadoria]],"") -> 0.074812132 | K91: 0.30555556 | L91: 0.74305556 | M91: =Tabela32[[#This Row],[Hr Chegada]]-Tabela32[[#This Row],[Hr Saida]] -> 0.4375 | N91: 270091 | O91: 270160 | P91: =Tabela32[[#This Row],[Km Chegada]]-Tabela32[[#This Row],[Km Saída]] -> 69 | Q91: 211 | R91: 20 | S91: 20 | T91: =Tabela32[[#This Row],[Entregas]]-Tabela32[[#This Row],[Realizadas]] -> 0 | U91: =Tabela32[[#This Row],[Realizadas]]/Tabela32[[#This Row],[Entregas]] -> 1 | V91: =IF(Tabela32[[#This Row],[% Entrega]]>=96%,"Atendeu a Meta","Não Atendeu a Meta") -> Atendeu a Meta | W91: Belém | X91: 1 | Y91: 38
A92: 46248 | B92: =YEAR(Tabela32[[#This Row],[Data]]) -> 2026 | C92: =MONTH(Tabela32[[#This Row],[Data]]) -> 8 | D92: LTY8B39 | E92: 1 | F92: =IFERROR(VLOOKUP(Tabela32[[#This Row],[Placa]],Planilha2!$A$1:$B$12,2,0),"") -> Gilberto | G92: 3443.35 | H92: 88816.89 | I92: 999 | J92: =IFERROR(Tabela32[[#This Row],[Valor Frete]]/Tabela32[[#This Row],[Valor Mercadoria]],"") -> 0.03876909 | K92: 0.29166667 | L92: 0.72916667 | M92: =Tabela32[[#This Row],[Hr Chegada]]-Tabela32[[#This Row],[Hr Saida]] -> 0.4375 | N92: 117886 | O92: 117926 | P92: =Tabela32[[#This Row],[Km Chegada]]-Tabela32[[#This Row],[Km Saída]] -> 40 | Q92: 239 | R92: 3 | S92: 3 | T92: =Tabela32[[#This Row],[Entregas]]-Tabela32[[#This Row],[Realizadas]] -> 0 | U92: =Tabela32[[#This Row],[Realizadas]]/Tabela32[[#This Row],[Entregas]] -> 1 | V92: =IF(Tabela32[[#This Row],[% Entrega]]>=96%,"Atendeu a Meta","Não Atendeu a Meta") -> Atendeu a Meta | W92: Belém | X92: 0 | Y92: 0
A93: 46248 | B93: =YEAR(Tabela32[[#This Row],[Data]]) -> 2026 | C93: =MONTH(Tabela32[[#This Row],[Data]]) -> 8 | D93: IUG8744 | E93: 1 | F93: =IFERROR(VLOOKUP(Tabela32[[#This Row],[Placa]],Planilha2!$A$1:$B$12,2,0),"") -> Sandro | G93: 3838.27 | H93: 249155.96 | I93: 766 | J93: =IFERROR(Tabela32[[#This Row],[Valor Frete]]/Tabela32[[#This Row],[Valor Mercadoria]],"") -> 0.01540509 | K93: 0.29166667 | L93: 0.73611111 | M93: =Tabela32[[#This Row],[Hr Chegada]]-Tabela32[[#This Row],[Hr Saida]] -> 0.44444444 | N93: 274120 | O93: 274151 | P93: =Tabela32[[#This Row],[Km Chegada]]-Tabela32[[#This Row],[Km Saída]] -> 31 | Q93: 238 | R93: 6 | S93: 6 | T93: =Tabela32[[#This Row],[Entregas]]-Tabela32[[#This Row],[Realizadas]] -> 0 | U93: =Tabela32[[#This Row],[Realizadas]]/Tabela32[[#This Row],[Entregas]] -> 1 | V93: =IF(Tabela32[[#This Row],[% Entrega]]>=96%,"Atendeu a Meta","Não Atendeu a Meta") -> Atendeu a Meta | W93: Belém | X93: 0 | Y93: 0
A94: 46248 | B94: =YEAR(Tabela32[[#This Row],[Data]]) -> 2026 | C94: =MONTH(Tabela32[[#This Row],[Data]]) -> 8 | D94: IYD7460 | E94: 1 | F94: =IFERROR(VLOOKUP(Tabela32[[#This Row],[Placa]],Planilha2!$A$1:$B$12,2,0),"") -> Paulo | G94: 3065.33 | H94: 154957.77 | I94: 487 | J94: =IFERROR(Tabela32[[#This Row],[Valor Frete]]/Tabela32[[#This Row],[Valor Mercadoria]],"") -> 0.019781712 | K94: 0.29166667 | L94: 0.60416667 | M94: =Tabela32[[#This Row],[Hr Chegada]]-Tabela32[[#This Row],[Hr Saida]] -> 0.3125 | N94: 153930 | O94: 153980 | P94: =Tabela32[[#This Row],[Km Chegada]]-Tabela32[[#This Row],[Km Saída]] -> 50 | Q94: 3 | R94: 3 | S94: 3 | T94: =Tabela32[[#This Row],[Entregas]]-Tabela32[[#This Row],[Realizadas]] -> 0 | U94: =Tabela32[[#This Row],[Realizadas]]/Tabela32[[#This Row],[Entregas]] -> 1 | V94: =IF(Tabela32[[#This Row],[% Entrega]]>=96%,"Atendeu a Meta","Não Atendeu a Meta") -> Atendeu a Meta | W94: Benevides | X94: 0 | Y94: 0
A95: 46251 | B95: =YEAR(Tabela32[[#This Row],[Data]]) -> 2026 | C95: =MONTH(Tabela32[[#This Row],[Data]]) -> 8 | D95: TRD2G21 | E95: 4 | F95: =IFERROR(VLOOKUP(Tabela32[[#This Row],[Placa]],Planilha2!$A$1:$B$12,2,0),"") -> Arnaldo | G95: 12467.2 | H95: 206725.72 | I95: 2674 | J95: =IFERROR(Tabela32[[#This Row],[Valor Frete]]/Tabela32[[#This Row],[Valor Mercadoria]],"") -> 0.060307929 | K95: 0.27083333 | L95: 0.79513889 | M95: =Tabela32[[#This Row],[Hr Chegada]]-Tabela32[[#This Row],[Hr Saida]] -> 0.52430556 | N95: 12226 | O95: 12296 | P95: =Tabela32[[#This Row],[Km Chegada]]-Tabela32[[#This Row],[Km Saída]] -> 70 | Q95: 318 | R95: 26 | S95: 26 | T95: =Tabela32[[#This Row],[Entregas]]-Tabela32[[#This Row],[Realizadas]] -> 0 | U95: =Tabela32[[#This Row],[Realizadas]]/Tabela32[[#This Row],[Entregas]] -> 1 | V95: =IF(Tabela32[[#This Row],[% Entrega]]>=96%,"Atendeu a Meta","Não Atendeu a Meta") -> Atendeu a Meta | W95: Belém | X95: 0 | Y95: 0
A96: 46251 | B96: =YEAR(Tabela32[[#This Row],[Data]]) -> 2026 | C96: =MONTH(Tabela32[[#This Row],[Data]]) -> 8 | D96: IYD7460 | E96: 1 | F96: =IFERROR(VLOOKUP(Tabela32[[#This Row],[Placa]],Planilha2!$A$1:$B$12,2,0),"") -> Paulo | G96: 1414.74 | H96: 19675.72 | I96: 168 | J96: =IFERROR(Tabela32[[#This Row],[Valor Frete]]/Tabela32[[#This Row],[Valor Mercadoria]],"") -> 0.071902833 | K96: 0.29166667 | L96: 0.71319444 | M96: =Tabela32[[#This Row],[Hr Chegada]]-Tabela32[[#This Row],[Hr Saida]] -> 0.42152778 | N96: 154010 | O96: 154047 | P96: =Tabela32[[#This Row],[Km Chegada]]-Tabela32[[#This Row],[Km Saída]] -> 37 | Q96: 21 | R96: 5 | S96: 5 | T96: =Tabela32[[#This Row],[Entregas]]-Tabela32[[#This Row],[Realizadas]] -> 0 | U96: =Tabela32[[#This Row],[Realizadas]]/Tabela32[[#This Row],[Entregas]] -> 1 | V96: =IF(Tabela32[[#This Row],[% Entrega]]>=96%,"Atendeu a Meta","Não Atendeu a Meta") -> Atendeu a Meta | W96: Marituba | X96: 0 | Y96: 0
A97: 46251 | B97: =YEAR(Tabela32[[#This Row],[Data]]) -> 2026 | C97: =MONTH(Tabela32[[#This Row],[Data]]) -> 8 | D97: IUG8855 | E97: 1 | F97: =IFERROR(VLOOKUP(Tabela32[[#This Row],[Placa]],Planilha2!$A$1:$B$12,2,0),"") -> Rosinaldo | G97: 8731.22 | H97: 97372.43 | I97: 1226 | J97: =IFERROR(Tabela32[[#This Row],[Valor Frete]]/Tabela32[[#This Row],[Valor Mercadoria]],"") -> 0.089668297 | K97: 0.30555556 | L97: 0.75694444 | M97: =Tabela32[[#This Row],[Hr Chegada]]-Tabela32[[#This Row],[Hr Saida]] -> 0.45138889 | N97: 290160 | O97: 290216 | P97: =Tabela32[[#This Row],[Km Chegada]]-Tabela32[[#This Row],[Km Saída]] -> 56 | Q97: 251 | R97: 12 | S97: 12 | T97: =Tabela32[[#This Row],[Entregas]]-Tabela32[[#This Row],[Realizadas]] -> 0 | U97: =Tabela32[[#This Row],[Realizadas]]/Tabela32[[#This Row],[Entregas]] -> 1 | V97: =IF(Tabela32[[#This Row],[% Entrega]]>=96%,"Atendeu a Meta","Não Atendeu a Meta") -> Atendeu a Meta | W97: Ananindeua | X97: 3 | Y97: 8
A98: 46251 | B98: =YEAR(Tabela32[[#This Row],[Data]]) -> 2026 | C98: =MONTH(Tabela32[[#This Row],[Data]]) -> 8 | D98: IUG8744 | E98: 11 | F98: =IFERROR(VLOOKUP(Tabela32[[#This Row],[Placa]],Planilha2!$A$1:$B$12,2,0),"") -> Sandro | G98: 9371.58 | H98: 129112.22 | I98: 1696 | J98: =IFERROR(Tabela32[[#This Row],[Valor Frete]]/Tabela32[[#This Row],[Valor Mercadoria]],"") -> 0.072584764 | K98: 0.25 | L98: 0.79861111 | M98: =Tabela32[[#This Row],[Hr Chegada]]-Tabela32[[#This Row],[Hr Saida]] -> 0.54861111 | N98: 274171 | O98: 274288 | P98: =Tabela32[[#This Row],[Km Chegada]]-Tabela32[[#This Row],[Km Saída]] -> 117 | Q98: 111 | R98: 23 | S98: 23 | T98: =Tabela32[[#This Row],[Entregas]]-Tabela32[[#This Row],[Realizadas]] -> 0 | U98: =Tabela32[[#This Row],[Realizadas]]/Tabela32[[#This Row],[Entregas]] -> 1 | V98: =IF(Tabela32[[#This Row],[% Entrega]]>=96%,"Atendeu a Meta","Não Atendeu a Meta") -> Atendeu a Meta | W98: Castanhal | X98: 0 | Y98: 0
A99: 46251 | B99: =YEAR(Tabela32[[#This Row],[Data]]) -> 2026 | C99: =MONTH(Tabela32[[#This Row],[Data]]) -> 8 | D99: RJA2C91 | E99: 1 | F99: =IFERROR(VLOOKUP(Tabela32[[#This Row],[Placa]],Planilha2!$A$1:$B$12,2,0),"") -> Edilson | G99: 13727.72 | H99: 302941.99 | I99: 1917 | J99: =IFERROR(Tabela32[[#This Row],[Valor Frete]]/Tabela32[[#This Row],[Valor Mercadoria]],"") -> 0.045314682 | K99: 0.29166667 | L99: 0.77083333 | M99: =Tabela32[[#This Row],[Hr Chegada]]-Tabela32[[#This Row],[Hr Saida]] -> 0.47916667 | N99: 103436 | O99: 103460 | P99: =Tabela32[[#This Row],[Km Chegada]]-Tabela32[[#This Row],[Km Saída]] -> 24 | Q99: 954 | R99: 12 | S99: 12 | T99: =Tabela32[[#This Row],[Entregas]]-Tabela32[[#This Row],[Realizadas]] -> 0 | U99: =Tabela32[[#This Row],[Realizadas]]/Tabela32[[#This Row],[Entregas]] -> 1 | V99: =IF(Tabela32[[#This Row],[% Entrega]]>=96%,"Atendeu a Meta","Não Atendeu a Meta") -> Atendeu a Meta | W99: Belém | X99: 0 | Y99: 0
... A133: 46254 | B133: =YEAR(Tabela32[[#This Row],[Data]]) -> 2026 | C133: =MONTH(Tabela32[[#This Row],[Data]]) -> 8 | D133: IYD7460 | E133: 1 | F133: =IFERROR(VLOOKUP(Tabela32[[#This Row],[Placa]],Planilha2!$A$1:$B$12,2,0),"") -> Paulo | G133: 4199.36 | H133: 56016.05 | I133: 583 | J133: =IFERROR(Tabela32[[#This Row],[Valor Frete]]/Tabela32[[#This Row],[Valor Mercadoria]],"") -> 0.074967085 | K133: 0.29166667 | L133: 0.775 | M133: =Tabela32[[#This Row],[Hr Chegada]]-Tabela32[[#This Row],[Hr Saida]] -> 0.48333333 | N133: 154209 | O133: 154259 | P133: =Tabela32[[#This Row],[Km Chegada]]-Tabela32[[#This Row],[Km Saída]] -> 50 | Q133: 100 | R133: 16 | S133: 16 | T133: =Tabela32[[#This Row],[Entregas]]-Tabela32[[#This Row],[Realizadas]] -> 0 | U133: =Tabela32[[#This Row],[Realizadas]]/Tabela32[[#This Row],[Entregas]] -> 1 | V133: =IF(Tabela32[[#This Row],[% Entrega]]>=96%,"Atendeu a Meta","Não Atendeu a Meta") -> Atendeu a Meta | W133: Ananindeua | X133: 2 | Y133: 42
A134: 46254 | B134: =YEAR(Tabela32[[#This Row],[Data]]) -> 2026 | C134: =MONTH(Tabela32[[#This Row],[Data]]) -> 8 | D134: IUG8855 | E134: 1 | F134: =IFERROR(VLOOKUP(Tabela32[[#This Row],[Placa]],Planilha2!$A$1:$B$12,2,0),"") -> Rosinaldo | G134: 9400.04 | H134: 133865.57 | I134: 1514 | J134: =IFERROR(Tabela32[[#This Row],[Valor Frete]]/Tabela32[[#This Row],[Valor Mercadoria]],"") -> 0.070219998 | K134: 0.29166667 | L134: 0.81319444 | M134: =Tabela32[[#This Row],[Hr Chegada]]-Tabela32[[#This Row],[Hr Saida]] -> 0.52152778 | N134: 290312 | O134: 290462 | P134: =Tabela32[[#This Row],[Km Chegada]]-Tabela32[[#This Row],[Km Saída]] -> 150 | Q134: 166 | R134: 19 | S134: 14 | T134: =Tabela32[[#This Row],[Entregas]]-Tabela32[[#This Row],[Realizadas]] -> 5 | U134: =Tabela32[[#This Row],[Realizadas]]/Tabela32[[#This Row],[Entregas]] -> 0.73684211 | V134: =IF(Tabela32[[#This Row],[% Entrega]]>=96%,"Atendeu a Meta","Não Atendeu a Meta") -> Não Atendeu a Meta | W134: Ananindeua | X134: 7 | Y134: 13,13,13,13,13
A135: 46254 | B135: =YEAR(Tabela32[[#This Row],[Data]]) -> 2026 | C135: =MONTH(Tabela32[[#This Row],[Data]]) -> 8 | D135: LTY8B39 | E135: 5 | F135: =IFERROR(VLOOKUP(Tabela32[[#This Row],[Placa]],Planilha2!$A$1:$B$12,2,0),"") -> Gilberto | G135: 7997.22 | H135: 164530.65 | I135: 1132 | J135: =IFERROR(Tabela32[[#This Row],[Valor Frete]]/Tabela32[[#This Row],[Valor Mercadoria]],"") -> 0.048606263 | K135: 0.29166667 | L135: 0.75 | M135: =Tabela32[[#This Row],[Hr Chegada]]-Tabela32[[#This Row],[Hr Saida]] -> 0.45833333 | N135: 118171 | O135: 118237 | P135: =Tabela32[[#This Row],[Km Chegada]]-Tabela32[[#This Row],[Km Saída]] -> 66 | Q135: 97 | R135: 17 | S135: 14 | T135: =Tabela32[[#This Row],[Entregas]]-Tabela32[[#This Row],[Realizadas]] -> 3 | U135: =Tabela32[[#This Row],[Realizadas]]/Tabela32[[#This Row],[Entregas]] -> 0.82352941 | V135: =IF(Tabela32[[#This Row],[% Entrega]]>=96%,"Atendeu a Meta","Não Atendeu a Meta") -> Não Atendeu a Meta | W135: Belém | X135: 3 | Y135: 13,13,13
A136: 46254 | B136: =YEAR(Tabela32[[#This Row],[Data]]) -> 2026 | C136: =MONTH(Tabela32[[#This Row],[Data]]) -> 8 | D136: TRD2G21 | E136: 2 | F136: =IFERROR(VLOOKUP(Tabela32[[#This Row],[Placa]],Planilha2!$A$1:$B$12,2,0),"") -> Arnaldo | G136: 7069.92 | H136: 137083.25 | I136: 1045 | J136: =IFERROR(Tabela32[[#This Row],[Valor Frete]]/Tabela32[[#This Row],[Valor Mercadoria]],"") -> 0.051573916 | K136: 0.29166667 | L136: 0.76180556 | M136: =Tabela32[[#This Row],[Hr Chegada]]-Tabela32[[#This Row],[Hr Saida]] -> 0.47013889 | N136: 12400 | O136: 12456 | P136: =Tabela32[[#This Row],[Km Chegada]]-Tabela32[[#This Row],[Km Saída]] -> 56 | Q136: 217 | R136: 29 | S136: 29 | T136: =Tabela32[[#This Row],[Entregas]]-Tabela32[[#This Row],[Realizadas]] -> 0 | U136: =Tabela32[[#This Row],[Realizadas]]/Tabela32[[#This Row],[Entregas]] -> 1 | V136: =IF(Tabela32[[#This Row],[% Entrega]]>=96%,"Atendeu a Meta","Não Atendeu a Meta") -> Atendeu a Meta | W136: Belém | X136: 3 | Y136: 38
A137: 46254 | B137: =YEAR(Tabela32[[#This Row],[Data]]) -> 2026 | C137: =MONTH(Tabela32[[#This Row],[Data]]) -> 8 | D137: IUG8744 | E137: 2 | F137: =IFERROR(VLOOKUP(Tabela32[[#This Row],[Placa]],Planilha2!$A$1:$B$12,2,0),"") -> Sandro | G137: 2627.47 | H137: 57743.38 | I137: 446 | J137: =IFERROR(Tabela32[[#This Row],[Valor Frete]]/Tabela32[[#This Row],[Valor Mercadoria]],"") -> 0.045502532 | K137: 0.5 | L137: 0.69375 | M137: =Tabela32[[#This Row],[Hr Chegada]]-Tabela32[[#This Row],[Hr Saida]] -> 0.19375 | N137: 274600 | O137: 274652 | P137: =Tabela32[[#This Row],[Km Chegada]]-Tabela32[[#This Row],[Km Saída]] -> 52 | Q137: 128 | R137: 11 | S137: 11 | T137: =Tabela32[[#This Row],[Entregas]]-Tabela32[[#This Row],[Realizadas]] -> 0 | U137: =Tabela32[[#This Row],[Realizadas]]/Tabela32[[#This Row],[Entregas]] -> 1 | V137: =IF(Tabela32[[#This Row],[% Entrega]]>=96%,"Atendeu a Meta","Não Atendeu a Meta") -> Atendeu a Meta | W137: Belém | X137: 0 | Y137: 0
A138: 46255 | B138: =YEAR(Tabela32[[#This Row],[Data]]) -> 2026 | C138: =MONTH(Tabela32[[#This Row],[Data]]) -> 8 | D138: RJA2C91 | E138: 1 | F138: =IFERROR(VLOOKUP(Tabela32[[#This Row],[Placa]],Planilha2!$A$1:$B$12,2,0),"") -> Edilson | G138: 30511.18 | H138: 631200.38 | I138: 4591 | J138: =IFERROR(Tabela32[[#This Row],[Valor Frete]]/Tabela32[[#This Row],[Valor Mercadoria]],"") -> 0.048338342 | K138: 0.27083333 | L138: 0.77916667 | M138: =Tabela32[[#This Row],[Hr Chegada]]-Tabela32[[#This Row],[Hr Saida]] -> 0.50833333 | N138: 103967 | O138: 104102 | P138: =Tabela32[[#This Row],[Km Chegada]]-Tabela32[[#This Row],[Km Saída]] -> 135 | Q138: 110 | R138: 24 | S138: 24 | T138: =Tabela32[[#This Row],[Entregas]]-Tabela32[[#This Row],[Realizadas]] -> 0 | U138: =Tabela32[[#This Row],[Realizadas]]/Tabela32[[#This Row],[Entregas]] -> 1 | V138: =IF(Tabela32[[#This Row],[% Entrega]]>=96%,"Atendeu a Meta","Não Atendeu a Meta") -> Atendeu a Meta | W138: Castanhal | X138: 0 | Y138: 0
A139: 46255 | B139: =YEAR(Tabela32[[#This Row],[Data]]) -> 2026 | C139: =MONTH(Tabela32[[#This Row],[Data]]) -> 8 | D139: TRD2G21 | E139: 4 | F139: =IFERROR(VLOOKUP(Tabela32[[#This Row],[Placa]],Planilha2!$A$1:$B$12,2,0),"") -> Arnaldo | G139: 3043.17 | H139: 63774.15 | I139: 323 | J139: =IFERROR(Tabela32[[#This Row],[Valor Frete]]/Tabela32[[#This Row],[Valor Mercadoria]],"") -> 0.047717923 | K139: 0.29166667 | L139: 0.66180556 | M139: =Tabela32[[#This Row],[Hr Chegada]]-Tabela32[[#This Row],[Hr Saida]] -> 0.37013889 | N139: 12456 | O139: 12522 | P139: =Tabela32[[#This Row],[Km Chegada]]-Tabela32[[#This Row],[Km Saída]] -> 66 | Q139: 66 | R139: 12 | S139: 12 | T139: =Tabela32[[#This Row],[Entregas]]-Tabela32[[#This Row],[Realizadas]] -> 0 | U139: =Tabela32[[#This Row],[Realizadas]]/Tabela32[[#This Row],[Entregas]] -> 1 | V139: =IF(Tabela32[[#This Row],[% Entrega]]>=96%,"Atendeu a Meta","Não Atendeu a Meta") -> Atendeu a Meta | W139: Belém | X139: 2 | Y139: 38
A140: 46255 | B140: =YEAR(Tabela32[[#This Row],[Data]]) -> 2026 | C140: =MONTH(Tabela32[[#This Row],[Data]]) -> 8 | D140: IUG8744 | E140: 1 | F140: =IFERROR(VLOOKUP(Tabela32[[#This Row],[Placa]],Planilha2!$A$1:$B$12,2,0),"") -> Sandro | G140: 1644.73 | H140: 61111.38 | I140: 276 | J140: =IFERROR(Tabela32[[#This Row],[Valor Frete]]/Tabela32[[#This Row],[Valor Mercadoria]],"") -> 0.026913645 | K140: 0.29166667 | L140: 0.625 | M140: =Tabela32[[#This Row],[Hr Chegada]]-Tabela32[[#This Row],[Hr Saida]] -> 0.33333333 | N140: 274652 | O140: 274700 | P140: =Tabela32[[#This Row],[Km Chegada]]-Tabela32[[#This Row],[Km Saída]] -> 48 | Q140: 56 | R140: 3 | S140: 3 | T140: =Tabela32[[#This Row],[Entregas]]-Tabela32[[#This Row],[Realizadas]] -> 0 | U140: =Tabela32[[#This Row],[Realizadas]]/Tabela32[[#This Row],[Entregas]] -> 1 | V140: =IF(Tabela32[[#This Row],[% Entrega]]>=96%,"Atendeu a Meta","Não Atendeu a Meta") -> Atendeu a Meta | W140: Benevides | X140: 0 | Y140: 0
A141: 46255 | B141: =YEAR(Tabela32[[#This Row],[Data]]) -> 2026 | C141: =MONTH(Tabela32[[#This Row],[Data]]) -> 8 | D141: LTY8B39 | E141: 5 | F141: =IFERROR(VLOOKUP(Tabela32[[#This Row],[Placa]],Planilha2!$A$1:$B$12,2,0),"") -> Gilberto | G141: 5634.34 | H141: 145684.98 | I141: 1005 | J141: =IFERROR(Tabela32[[#This Row],[Valor Frete]]/Tabela32[[#This Row],[Valor Mercadoria]],"") -> 0.038674817 | K141: 0.29166667 | L141: 0.7125 | M141: =Tabela32[[#This Row],[Hr Chegada]]-Tabela32[[#This Row],[Hr Saida]] -> 0.42083333 | N141: 118237 | O141: 118332 | P141: =Tabela32[[#This Row],[Km Chegada]]-Tabela32[[#This Row],[Km Saída]] -> 95 | Q141: 221 | R141: 27 | S141: 27 | T141: =Tabela32[[#This Row],[Entregas]]-Tabela32[[#This Row],[Realizadas]] -> 0 | U141: =Tabela32[[#This Row],[Realizadas]]/Tabela32[[#This Row],[Entregas]] -> 1 | V141: =IF(Tabela32[[#This Row],[% Entrega]]>=96%,"Atendeu a Meta","Não Atendeu a Meta") -> Atendeu a Meta | W141: Belém | X141: 0 | Y141: 0
A142: 46255 | B142: =YEAR(Tabela32[[#This Row],[Data]]) -> 2026 | C142: =MONTH(Tabela32[[#This Row],[Data]]) -> 8 | D142: IXY4731 | E142: 1 | F142: =IFERROR(VLOOKUP(Tabela32[[#This Row],[Placa]],Planilha2!$A$1:$B$12,2,0),"") -> Osvaldo | G142: 18367.5 | H142: 285918.33 | I142: 4968 | J142: =IFERROR(Tabela32[[#This Row],[Valor Frete]]/Tabela32[[#This Row],[Valor Mercadoria]],"") -> 0.064240372 | K142: 0.29166667 | L142: 0.81944444 | M142: =Tabela32[[#This Row],[Hr Chegada]]-Tabela32[[#This Row],[Hr Saida]] -> 0.52777778 | N142: 141799 | O142: 141859 | P142: =Tabela32[[#This Row],[Km Chegada]]-Tabela32[[#This Row],[Km Saída]] -> 60 | Q142: 773 | R142: 30 | S142: 25 | T142: =Tabela32[[#This Row],[Entregas]]-Tabela32[[#This Row],[Realizadas]] -> 5 | U142: =Tabela32[[#This Row],[Realizadas]]/Tabela32[[#This Row],[Entregas]] -> 0.83333333 | V142: =IF(Tabela32[[#This Row],[% Entrega]]>=96%,"Atendeu a Meta","Não Atendeu a Meta") -> Não Atendeu a Meta | W142: Ananindeua | X142: 5 | Y142: 13,13,13,13,13
A143: 46255 | B143: =YEAR(Tabela32[[#This Row],[Data]]) -> 2026 | C143: =MONTH(Tabela32[[#This Row],[Data]]) -> 8 | D143: IUG8767 | E143: 1 | F143: =IFERROR(VLOOKUP(Tabela32[[#This Row],[Placa]],Planilha2!$A$1:$B$12,2,0),"") -> Jerson | G143: 3355.34 | H143: 45519.69 | I143: 401 | J143: =IFERROR(Tabela32[[#This Row],[Valor Frete]]/Tabela32[[#This Row],[Valor Mercadoria]],"") -> 0.073711838 | K143: 0.29166667 | L143: 0.70138889 | M143: =Tabela32[[#This Row],[Hr Chegada]]-Tabela32[[#This Row],[Hr Saida]] -> 0.40972222 | N143: 279486 | O143: 279543 | P143: =Tabela32[[#This Row],[Km Chegada]]-Tabela32[[#This Row],[Km Saída]] -> 57 | Q143: 73 | R143: 8 | S143: 8 | T143: =Tabela32[[#This Row],[Entregas]]-Tabela32[[#This Row],[Realizadas]] -> 0 | U143: =Tabela32[[#This Row],[Realizadas]]/Tabela32[[#This Row],[Entregas]] -> 1 | V143: =IF(Tabela32[[#This Row],[% Entrega]]>=96%,"Atendeu a Meta","Não Atendeu a Meta") -> Atendeu a Meta | W143: Belém | X143: 1 | Y143: 38
A144: 46255 | B144: =YEAR(Tabela32[[#This Row],[Data]]) -> 2026 | C144: =MONTH(Tabela32[[#This Row],[Data]]) -> 8 | D144: IUG8882 | E144: 3 | F144: =IFERROR(VLOOKUP(Tabela32[[#This Row],[Placa]],Planilha2!$A$1:$B$12,2,0),"") -> Wesley | G144: 12213.47 | H144: 219930.64 | I144: 3470 | J144: =IFERROR(Tabela32[[#This Row],[Valor Frete]]/Tabela32[[#This Row],[Valor Mercadoria]],"") -> 0.055533281 | K144: 0.29166667 | L144: 0.75069444 | M144: =Tabela32[[#This Row],[Hr Chegada]]-Tabela32[[#This Row],[Hr Saida]] -> 0.45902778 | N144: 303285 | O144: 303335 | P144: =Tabela32[[#This Row],[Km Chegada]]-Tabela32[[#This Row],[Km Saída]] -> 50 | Q144: 285 | R144: 12 | S144: 12 | T144: =Tabela32[[#This Row],[Entregas]]-Tabela32[[#This Row],[Realizadas]] -> 0 | U144: =Tabela32[[#This Row],[Realizadas]]/Tabela32[[#This Row],[Entregas]] -> 1 | V144: =IF(Tabela32[[#This Row],[% Entrega]]>=96%,"Atendeu a Meta","Não Atendeu a Meta") -> Atendeu a Meta | W144: Belém | X144: 0 | Y144: 0
A145: 46255 | B145: =YEAR(Tabela32[[#This Row],[Data]]) -> 2026 | C145: =MONTH(Tabela32[[#This Row],[Data]]) -> 8 | D145: IYD7460 | E145: 1 | F145: =IFERROR(VLOOKUP(Tabela32[[#This Row],[Placa]],Planilha2!$A$1:$B$12,2,0),"") -> Paulo | G145: 1386.09 | H145: 40934.4 | I145: 61 | J145: =IFERROR(Tabela32[[#This Row],[Valor Frete]]/Tabela32[[#This Row],[Valor Mercadoria]],"") -> 0.033861251 | K145: 0.29166667 | L145: 0.79722222 | M145: =Tabela32[[#This Row],[Hr Chegada]]-Tabela32[[#This Row],[Hr Saida]] -> 0.50555556 | N145: 154259 | O145: 154300 | P145: =Tabela32[[#This Row],[Km Chegada]]-Tabela32[[#This Row],[Km Saída]] -> 41 | Q145: 64 | R145: 2 | S145: 2 | T145: =Tabela32[[#This Row],[Entregas]]-Tabela32[[#This Row],[Realizadas]] -> 0 | U145: =Tabela32[[#This Row],[Realizadas]]/Tabela32[[#This Row],[Entregas]] -> 1 | V145: =IF(Tabela32[[#This Row],[% Entrega]]>=96%,"Atendeu a Meta","Não Atendeu a Meta") -> Atendeu a Meta | W145: Benevides | X145: 0 | Y145: 0
A146: 46255 | B146: =YEAR(Tabela32[[#This Row],[Data]]) -> 2026 | C146: =MONTH(Tabela32[[#This Row],[Data]]) -> 8 | D146: RKV1173 | E146: 1 | F146: =IFERROR(VLOOKUP(Tabela32[[#This Row],[Placa]],Planilha2!$A$1:$B$12,2,0),"") -> William | G146: 11238.27 | H146: 184739.8 | I146: 2061 | J146: =IFERROR(Tabela32[[#This Row],[Valor Frete]]/Tabela32[[#This Row],[Valor Mercadoria]],"") -> 0.060832966 | K146: 0.29166667 | L146: 0.76875 | M146: =Tabela32[[#This Row],[Hr Chegada]]-Tabela32[[#This Row],[Hr Saida]] -> 0.47708333 | N146: 124163 | O146: 124246 | P146: =Tabela32[[#This Row],[Km Chegada]]-Tabela32[[#This Row],[Km Saída]] -> 83 | Q146: 266 | R146: 31 | S146: 30 | T146: =Tabela32[[#This Row],[Entregas]]-Tabela32[[#This Row],[Realizadas]] -> 1 | U146: =Tabela32[[#This Row],[Realizadas]]/Tabela32[[#This Row],[Entregas]] -> 0.96774194 | V146: =IF(Tabela32[[#This Row],[% Entrega]]>=96%,"Atendeu a Meta","Não Atendeu a Meta") -> Atendeu a Meta | W146: Ananindeua | X146: 3 | Y146: 10,13,5
A147: 46255 | B147: =YEAR(Tabela32[[#This Row],[Data]]) -> 2026 | C147: =MONTH(Tabela32[[#This Row],[Data]]) -> 8 | D147: IUG8744 | E147: 2 | F147: =IFERROR(VLOOKUP(Tabela32[[#This Row],[Placa]],Planilha2!$A$1:$B$12,2,0),"") -> Sandro | G147: 1528.87 | H147: 13798.57 | I147: 310 | J147: =IFERROR(Tabela32[[#This Row],[Valor Frete]]/Tabela32[[#This Row],[Valor Mercadoria]],"") -> 0.11079916 | K147: 0.29166667 | L147: 0.73263889 | M147: =Tabela32[[#This Row],[Hr Chegada]]-Tabela32[[#This Row],[Hr Saida]] -> 0.44097222 | N147: 274652 | O147: 274736 | P147: =Tabela32[[#This Row],[Km Chegada]]-Tabela32[[#This Row],[Km Saída]] -> 84 | Q147: 50 | R147: 2 | S147: 2 | T147: =Tabela32[[#This Row],[Entregas]]-Tabela32[[#This Row],[Realizadas]] -> 0 | U147: =Tabela32[[#This Row],[Realizadas]]/Tabela32[[#This Row],[Entregas]] -> 1 | V147: =IF(Tabela32[[#This Row],[% Entrega]]>=96%,"Atendeu a Meta","Não Atendeu a Meta") -> Atendeu a Meta | W147: Belém | X147: 0 | Y147: 0
A148: 46256 | B148: =YEAR(Tabela32[[#This Row],[Data]]) -> 2026 | C148: =MONTH(Tabela32[[#This Row],[Data]]) -> 8 | D148: IUG8744 | E148: 1 | F148: =IFERROR(VLOOKUP(Tabela32[[#This Row],[Placa]],Planilha2!$A$1:$B$12,2,0),"") -> Sandro | G148: 8121.49 | H148: 159899.17 | I148: 1284 | J148: =IFERROR(Tabela32[[#This Row],[Valor Frete]]/Tabela32[[#This Row],[Valor Mercadoria]],"") -> 0.050791321 | K148: 0.29166667 | L148: 0.59375 | M148: =Tabela32[[#This Row],[Hr Chegada]]-Tabela32[[#This Row],[Hr Saida]] -> 0.30208333 | N148: 274736 | O148: 274865 | P148: =Tabela32[[#This Row],[Km Chegada]]-Tabela32[[#This Row],[Km Saída]] -> 129 | Q148: 178 | R148: 20 | S148: 20 | T148: =Tabela32[[#This Row],[Entregas]]-Tabela32[[#This Row],[Realizadas]] -> 0 | U148: =Tabela32[[#This Row],[Realizadas]]/Tabela32[[#This Row],[Entregas]] -> 1 | V148: =IF(Tabela32[[#This Row],[% Entrega]]>=96%,"Atendeu a Meta","Não Atendeu a Meta") -> Atendeu a Meta | W148: Castanhal | X148: 0 | Y148: 0
A149: 46258 | B149: =YEAR(Tabela32[[#This Row],[Data]]) -> 2026 | C149: =MONTH(Tabela32[[#This Row],[Data]]) -> 8 | D149: IUG8744 | E149: 1 | F149: =IFERROR(VLOOKUP(Tabela32[[#This Row],[Placa]],Planilha2!$A$1:$B$12,2,0),"") -> Sandro | G149: 1417.19 | H149: 68719.9 | I149: 94 | J149: =IFERROR(Tabela32[[#This Row],[Valor Frete]]/Tabela32[[#This Row],[Valor Mercadoria]],"") -> 0.020622702 | K149: 0.29166667 | L149: 0.6375 | M149: =Tabela32[[#This Row],[Hr Chegada]]-Tabela32[[#This Row],[Hr Saida]] -> 0.34583333 | N149: 274865 | O149: 274901 | P149: =Tabela32[[#This Row],[Km Chegada]]-Tabela32[[#This Row],[Km Saída]] -> 36 | Q149: 2 | R149: 2 | S149: 2 | T149: =Tabela32[[#This Row],[Entregas]]-Tabela32[[#This Row],[Realizadas]] -> 0 | U149: =Tabela32[[#This Row],[Realizadas]]/Tabela32[[#This Row],[Entregas]] -> 1 | V149: =IF(Tabela32[[#This Row],[% Entrega]]>=96%,"Atendeu a Meta","Não Atendeu a Meta") -> Atendeu a Meta | W149: Benevides | X149: 0 | Y149: 0
A150: 46258 | B150: =YEAR(Tabela32[[#This Row],[Data]]) -> 2026 | C150: =MONTH(Tabela32[[#This Row],[Data]]) -> 8 | D150: IUG8767 | E150: 2 | F150: =IFERROR(VLOOKUP(Tabela32[[#This Row],[Placa]],Planilha2!$A$1:$B$12,2,0),"") -> Jerson | G150: 13874.37 | H150: 302315.42 | I150: 2846 | J150: =IFERROR(Tabela32[[#This Row],[Valor Frete]]/Tabela32[[#This Row],[Valor Mercadoria]],"") -> 0.045893689 | K150: 0.29166667 | L150: 0.79930556 | M150: =Tabela32[[#This Row],[Hr Chegada]]-Tabela32[[#This Row],[Hr Saida]] -> 0.50763889 | N150: 279544 | O150: 279628 | P150: =Tabela32[[#This Row],[Km Chegada]]-Tabela32[[#This Row],[Km Saída]] -> 84 | Q150: 441 | R150: 49 | S150: 49 | T150: =Tabela32[[#This Row],[Entregas]]-Tabela32[[#This Row],[Realizadas]] -> 0 | U150: =Tabela32[[#This Row],[Realizadas]]/Tabela32[[#This Row],[Entregas]] -> 1 | V150: =IF(Tabela32[[#This Row],[% Entrega]]>=96%,"Atendeu a Meta","Não Atendeu a Meta") -> Atendeu a Meta | W150: Belém | X150: 0 | Y150: 0
A151: 46258 | B151: =YEAR(Tabela32[[#This Row],[Data]]) -> 2026 | C151: =MONTH(Tabela32[[#This Row],[Data]]) -> 8 | D151: LTY8B39 | E151: 11 | F151: =IFERROR(VLOOKUP(Tabela32[[#This Row],[Placa]],Planilha2!$A$1:$B$12,2,0),"") -> Gilberto | G151: 12498.44 | H151: 198626.17 | I151: 2011 | J151: =IFERROR(Tabela32[[#This Row],[Valor Frete]]/Tabela32[[#This Row],[Valor Mercadoria]],"") -> 0.062924437 | K151: 0.27083333 | L151: 0.74652778 | M151: =Tabela32[[#This Row],[Hr Chegada]]-Tabela32[[#This Row],[Hr Saida]] -> 0.47569444 | N151: 118332 | O151: 118496 | P151: =Tabela32[[#This Row],[Km Chegada]]-Tabela32[[#This Row],[Km Saída]] -> 164 | Q151: 265 | R151: 26 | S151: 26 | T151: =Tabela32[[#This Row],[Entregas]]-Tabela32[[#This Row],[Realizadas]] -> 0 | U151: =Tabela32[[#This Row],[Realizadas]]/Tabela32[[#This Row],[Entregas]] -> 1 | V151: =IF(Tabela32[[#This Row],[% Entrega]]>=96%,"Atendeu a Meta","Não Atendeu a Meta") -> Atendeu a Meta | W151: Castanhal | X151: 0 | Y151: 0
A152: 46258 | B152: =YEAR(Tabela32[[#This Row],[Data]]) -> 2026 | C152: =MONTH(Tabela32[[#This Row],[Data]]) -> 8 | D152: IXY4731 | E152: 1 | F152: =IFERROR(VLOOKUP(Tabela32[[#This Row],[Placa]],Planilha2!$A$1:$B$12,2,0),"") -> Osvaldo | G152: 7333 | H152: 75924.73 | I152: 657 | J152: =IFERROR(Tabela32[[#This Row],[Valor Frete]]/Tabela32[[#This Row],[Valor Mercadoria]],"") -> 0.096582497 | K152: 0.29166667 | L152: 0.78333333 | M152: =Tabela32[[#This Row],[Hr Chegada]]-Tabela32[[#This Row],[Hr Saida]] -> 0.49166667 | N152: 141865 | O152: 141946 | P152: =Tabela32[[#This Row],[Km Chegada]]-Tabela32[[#This Row],[Km Saída]] -> 81 | Q152: 163 | R152: 21 | S152: 21 | T152: =Tabela32[[#This Row],[Entregas]]-Tabela32[[#This Row],[Realizadas]] -> 0 | U152: =Tabela32[[#This Row],[Realizadas]]/Tabela32[[#This Row],[Entregas]] -> 1 | V152: =IF(Tabela32[[#This Row],[% Entrega]]>=96%,"Atendeu a Meta","Não Atendeu a Meta") -> Atendeu a Meta | W152: Marituba | X152: 0 | Y152: 0
A153: 46258 | B153: =YEAR(Tabela32[[#This Row],[Data]]) -> 2026 | C153: =MONTH(Tabela32[[#This Row],[Data]]) -> 8 | D153: IYD7460 | E153: 1 | F153: =IFERROR(VLOOKUP(Tabela32[[#This Row],[Placa]],Planilha2!$A$1:$B$12,2,0),"") -> Paulo | G153: 1107.99 | H153: 18684.6 | I153: 92 | J153: =IFERROR(Tabela32[[#This Row],[Valor Frete]]/Tabela32[[#This Row],[Valor Mercadoria]],"") -> 0.059299637 | K153: 0.29166667 | L153: 0.73541667 | M153: =Tabela32[[#This Row],[Hr Chegada]]-Tabela32[[#This Row],[Hr Saida]] -> 0.44375 | N153: 154300 | O153: 154398 | P153: =Tabela32[[#This Row],[Km Chegada]]-Tabela32[[#This Row],[Km Saída]] -> 98 | Q153: 13 | R153: 2 | S153: 2 | T153: =Tabela32[[#This Row],[Entregas]]-Tabela32[[#This Row],[Realizadas]] -> 0 | U153: =Tabela32[[#This Row],[Realizadas]]/Tabela32[[#This Row],[Entregas]] -> 1 | V153: =IF(Tabela32[[#This Row],[% Entrega]]>=96%,"Atendeu a Meta","Não Atendeu a Meta") -> Atendeu a Meta | W153: Benevides | X153: 0 | Y153: 0
A154: 46258 | B154: =YEAR(Tabela32[[#This Row],[Data]]) -> 2026 | C154: =MONTH(Tabela32[[#This Row],[Data]]) -> 8 | D154: RJA2C91 | E154: 1 | F154: =IFERROR(VLOOKUP(Tabela32[[#This Row],[Placa]],Planilha2!$A$1:$B$12,2,0),"") -> Edilson | G154: 12805.43 | H154: 336673.7 | I154: 2326 | J154: =IFERROR(Tabela32[[#This Row],[Valor Frete]]/Tabela32[[#This Row],[Valor Mercadoria]],"") -> 0.038035136 | K154: 0.29166667 | L154: 0.79166667 | M154: =Tabela32[[#This Row],[Hr Chegada]]-Tabela32[[#This Row],[Hr Saida]] -> 0.5 | N154: 104102 | O154: 104135 | P154: =Tabela32[[#This Row],[Km Chegada]]-Tabela32[[#This Row],[Km Saída]] -> 33 | Q154: 395 | R154: 8 | S154: 8 | T154: =Tabela32[[#This Row],[Entregas]]-Tabela32[[#This Row],[Realizadas]] -> 0 | U154: =Tabela32[[#This Row],[Realizadas]]/Tabela32[[#This Row],[Entregas]] -> 1 | V154: =IF(Tabela32[[#This Row],[% Entrega]]>=96%,"Atendeu a Meta","Não Atendeu a Meta") -> Atendeu a Meta | W154: Belém | X154: 0 | Y154: 0
A155: 46258 | B155: =YEAR(Tabela32[[#This Row],[Data]]) -> 2026 | C155: =MONTH(Tabela32[[#This Row],[Data]]) -> 8 | D155: TRD2G21 | E155: 3 | F155: =IFERROR(VLOOKUP(Tabela32[[#This Row],[Placa]],Planilha2!$A$1:$B$12,2,0),"") -> Arnaldo | G155: 6572.41 | H155: 145386.14 | I155: 1089 | J155: =IFERROR(Tabela32[[#This Row],[Valor Frete]]/Tabela32[[#This Row],[Valor Mercadoria]],"") -> 0.045206579 | K155: 0.29166667 | L155: 0.75555556 | M155: =Tabela32[[#This Row],[Hr Chegada]]-Tabela32[[#This Row],[Hr Saida]] -> 0.46388889 | N155: 12523 | O155: 12589 | P155: =Tabela32[[#This Row],[Km Chegada]]-Tabela32[[#This Row],[Km Saída]] -> 66 | Q155: 199 | R155: 20 | S155: 20 | T155: =Tabela32[[#This Row],[Entregas]]-Tabela32[[#This Row],[Realizadas]] -> 0 | U155: =Tabela32[[#This Row],[Realizadas]]/Tabela32[[#This Row],[Entregas]] -> 1 | V155: =IF(Tabela32[[#This Row],[% Entrega]]>=96%,"Atendeu a Meta","Não Atendeu a Meta") -> Atendeu a Meta | W155: Belém | X155: 1 | Y155: 38
A156: 46258 | B156: =YEAR(Tabela32[[#This Row],[Data]]) -> 2026 | C156: =MONTH(Tabela32[[#This Row],[Data]]) -> 8 | D156: IUG8882 | E156: 5 | F156: =IFERROR(VLOOKUP(Tabela32[[#This Row],[Placa]],Planilha2!$A$1:$B$12,2,0),"") -> Wesley | G156: 4996.94 | H156: 93418.03 | I156: 1473 | J156: =IFERROR(Tabela32[[#This Row],[Valor Frete]]/Tabela32[[#This Row],[Valor Mercadoria]],"") -> 0.053490102 | K156: 0.29166667 | L156: 0.74097222 | M156: =Tabela32[[#This Row],[Hr Chegada]]-Tabela32[[#This Row],[Hr Saida]] -> 0.44930556 | N156: 303335 | O156: 303436 | P156: =Tabela32[[#This Row],[Km Chegada]]-Tabela32[[#This Row],[Km Saída]] -> 101 | Q156: 116 | R156: 15 | S156: 15 | T156: =Tabela32[[#This Row],[Entregas]]-Tabela32[[#This Row],[Realizadas]] -> 0 | U156: =Tabela32[[#This Row],[Realizadas]]/Tabela32[[#This Row],[Entregas]] -> 1 | V156: =IF(Tabela32[[#This Row],[% Entrega]]>=96%,"Atendeu a Meta","Não Atendeu a Meta") -> Atendeu a Meta | W156: Belém | X156: 0 | Y156: 0
A157: 46258 | B157: =YEAR(Tabela32[[#This Row],[Data]]) -> 2026 | C157: =MONTH(Tabela32[[#This Row],[Data]]) -> 8 | D157: IUG8855 | E157: 3 | F157: =IFERROR(VLOOKUP(Tabela32[[#This Row],[Placa]],Planilha2!$A$1:$B$12,2,0),"") -> Rosinaldo | G157: 7675.58 | H157: 100507.22 | I157: 1567 | J157: =IFERROR(Tabela32[[#This Row],[Valor Frete]]/Tabela32[[#This Row],[Valor Mercadoria]],"") -> 0.076368444 | K157: 0.29166667 | L157: 0.73611111 | M157: =Tabela32[[#This Row],[Hr Chegada]]-Tabela32[[#This Row],[Hr Saida]] -> 0.44444444 | N157: 290485 | O157: 290557 | P157: =Tabela32[[#This Row],[Km Chegada]]-Tabela32[[#This Row],[Km Saída]] -> 72 | Q157: 69 | R157: 5 | S157: 5 | T157: =Tabela32[[#This Row],[Entregas]]-Tabela32[[#This Row],[Realizadas]] -> 0 | U157: =Tabela32[[#This Row],[Realizadas]]/Tabela32[[#This Row],[Entregas]] -> 1 | V157: =IF(Tabela32[[#This Row],[% Entrega]]>=96%,"Atendeu a Meta","Não Atendeu a Meta") -> Atendeu a Meta | W157: Ananindeua | X157: 0 | Y157: 0
A158: 46258 | B158: =YEAR(Tabela32[[#This Row],[Data]]) -> 2026 | C158: =MONTH(Tabela32[[#This Row],[Data]]) -> 8 | D158: RKV1173 | E158: 1 | F158: =IFERROR(VLOOKUP(Tabela32[[#This Row],[Placa]],Planilha2!$A$1:$B$12,2,0),"") -> William | G158: 6915.91 | H158: 215754.15 | I158: 1161 | J158: =IFERROR(Tabela32[[#This Row],[Valor Frete]]/Tabela32[[#This Row],[Valor Mercadoria]],"") -> 0.032054586 | K158: 0.29166667 | L158: 0.68055556 | M158: =Tabela32[[#This Row],[Hr Chegada]]-Tabela32[[#This Row],[Hr Saida]] -> 0.38888889 | N158: 124251 | O158: 124299 | P158: =Tabela32[[#This Row],[Km Chegada]]-Tabela32[[#This Row],[Km Saída]] -> 48 | Q158: 200 | R158: 15 | S158: 15 | T158: =Tabela32[[#This Row],[Entregas]]-Tabela32[[#This Row],[Realizadas]] -> 0 | U158: =Tabela32[[#This Row],[Realizadas]]/Tabela32[[#This Row],[Entregas]] -> 1 | V158: =IF(Tabela32[[#This Row],[% Entrega]]>=96%,"Atendeu a Meta","Não Atendeu a Meta") -> Atendeu a Meta | W158: Ananindeua | X158: 0 | Y158: 0
... A160: 46259 | B160: =YEAR(Tabela32[[#This Row],[Data]]) -> 2026 | C160: =MONTH(Tabela32[[#This Row],[Data]]) -> 8 | D160: IUG8882 | E160: 5 | F160: =IFERROR(VLOOKUP(Tabela32[[#This Row],[Placa]],Planilha2!$A$1:$B$12,2,0),"") -> Wesley | G160: 4179.62 | H160: 71532.98 | I160: 519 | J160: =IFERROR(Tabela32[[#This Row],[Valor Frete]]/Tabela32[[#This Row],[Valor Mercadoria]],"") -> 0.058429273 | K160: 0.29166667 | L160: 0.75833333 | M160: =Tabela32[[#This Row],[Hr Chegada]]-Tabela32[[#This Row],[Hr Saida]] -> 0.46666667 | N160: 303436 | O160: 303490 | P160: =Tabela32[[#This Row],[Km Chegada]]-Tabela32[[#This Row],[Km Saída]] -> 54 | Q160: 66 | R160: 20 | S160: 20 | T160: =Tabela32[[#This Row],[Entregas]]-Tabela32[[#This Row],[Realizadas]] -> 0 | U160: =Tabela32[[#This Row],[Realizadas]]/Tabela32[[#This Row],[Entregas]] -> 1 | V160: =IF(Tabela32[[#This Row],[% Entrega]]>=96%,"Atendeu a Meta","Não Atendeu a Meta") -> Atendeu a Meta | W160: Belém | X160: 0 | Y160: 0
A161: 46259 | B161: =YEAR(Tabela32[[#This Row],[Data]]) -> 2026 | C161: =MONTH(Tabela32[[#This Row],[Data]]) -> 8 | D161: TRD2G21 | E161: 3 | F161: =IFERROR(VLOOKUP(Tabela32[[#This Row],[Placa]],Planilha2!$A$1:$B$12,2,0),"") -> Arnaldo | G161: 9947.27 | H161: 188381.87 | I161: 2322 | J161: =IFERROR(Tabela32[[#This Row],[Valor Frete]]/Tabela32[[#This Row],[Valor Mercadoria]],"") -> 0.052803754 | K161: 0.27083333 | L161: 0.77083333 | M161: =Tabela32[[#This Row],[Hr Chegada]]-Tabela32[[#This Row],[Hr Saida]] -> 0.5 | N161: 12589 | O161: 12644 | P161: =Tabela32[[#This Row],[Km Chegada]]-Tabela32[[#This Row],[Km Saída]] -> 55 | Q161: 165 | R161: 20 | S161: 17 | T161: =Tabela32[[#This Row],[Entregas]]-Tabela32[[#This Row],[Realizadas]] -> 3 | U161: =Tabela32[[#This Row],[Realizadas]]/Tabela32[[#This Row],[Entregas]] -> 0.85 | V161: =IF(Tabela32[[#This Row],[% Entrega]]>=96%,"Atendeu a Meta","Não Atendeu a Meta") -> Não Atendeu a Meta | W161: Belém | X161: 3 | Y161: 13,13,13,38,38
A162: 46259 | B162: =YEAR(Tabela32[[#This Row],[Data]]) -> 2026 | C162: =MONTH(Tabela32[[#This Row],[Data]]) -> 8 | D162: IUG8767 | E162: 2 | F162: =IFERROR(VLOOKUP(Tabela32[[#This Row],[Placa]],Planilha2!$A$1:$B$12,2,0),"") -> Jerson | G162: 10500.14 | H162: 171291.32 | I162: 1911 | J162: =IFERROR(Tabela32[[#This Row],[Valor Frete]]/Tabela32[[#This Row],[Valor Mercadoria]],"") -> 0.061299895 | K162: 0.29166667 | L162: 0.69444444 | M162: =Tabela32[[#This Row],[Hr Chegada]]-Tabela32[[#This Row],[Hr Saida]] -> 0.40277778 | N162: 279628 | O162: 279682 | P162: =Tabela32[[#This Row],[Km Chegada]]-Tabela32[[#This Row],[Km Saída]] -> 54 | Q162: 218 | R162: 36 | S162: 36 | T162: =Tabela32[[#This Row],[Entregas]]-Tabela32[[#This Row],[Realizadas]] -> 0 | U162: =Tabela32[[#This Row],[Realizadas]]/Tabela32[[#This Row],[Entregas]] -> 1 | V162: =IF(Tabela32[[#This Row],[% Entrega]]>=96%,"Atendeu a Meta","Não Atendeu a Meta") -> Atendeu a Meta | W162: Belém | X162: 0 | Y162: 0
A163: 46259 | B163: =YEAR(Tabela32[[#This Row],[Data]]) -> 2026 | C163: =MONTH(Tabela32[[#This Row],[Data]]) -> 8 | D163: RKV1173 | E163: 4 | F163: =IFERROR(VLOOKUP(Tabela32[[#This Row],[Placa]],Planilha2!$A$1:$B$12,2,0),"") -> William | G163: 3983.6 | H163: 71972.31 | I163: 412 | J163: =IFERROR(Tabela32[[#This Row],[Valor Frete]]/Tabela32[[#This Row],[Valor Mercadoria]],"") -> 0.055349064 | K163: 0.29166667 | L163: 0.71875 | M163: =Tabela32[[#This Row],[Hr Chegada]]-Tabela32[[#This Row],[Hr Saida]] -> 0.42708333 | N163: 124299 | O163: 124372 | P163: =Tabela32[[#This Row],[Km Chegada]]-Tabela32[[#This Row],[Km Saída]] -> 73 | Q163: 91 | R163: 17 | S163: 17 | T163: =Tabela32[[#This Row],[Entregas]]-Tabela32[[#This Row],[Realizadas]] -> 0 | U163: =Tabela32[[#This Row],[Realizadas]]/Tabela32[[#This Row],[Entregas]] -> 1 | V163: =IF(Tabela32[[#This Row],[% Entrega]]>=96%,"Atendeu a Meta","Não Atendeu a Meta") -> Atendeu a Meta | W163: Belém | X163: 0 | Y163: 0
A164: 46259 | B164: =YEAR(Tabela32[[#This Row],[Data]]) -> 2026 | C164: =MONTH(Tabela32[[#This Row],[Data]]) -> 8 | D164: IYD7460 | E164: 1 | F164: =IFERROR(VLOOKUP(Tabela32[[#This Row],[Placa]],Planilha2!$A$1:$B$12,2,0),"") -> Paulo | G164: 1181 | H164: 11744.12 | I164: 103 | J164: =IFERROR(Tabela32[[#This Row],[Valor Frete]]/Tabela32[[#This Row],[Valor Mercadoria]],"") -> 0.10056096 | K164: 0.29166667 | L164: 0.74861111 | M164: =Tabela32[[#This Row],[Hr Chegada]]-Tabela32[[#This Row],[Hr Saida]] -> 0.45694444 | N164: 154398 | O164: 154444 | P164: =Tabela32[[#This Row],[Km Chegada]]-Tabela32[[#This Row],[Km Saída]] -> 46 | Q164: 20 | R164: 2 | S164: 2 | T164: =Tabela32[[#This Row],[Entregas]]-Tabela32[[#This Row],[Realizadas]] -> 0 | U164: =Tabela32[[#This Row],[Realizadas]]/Tabela32[[#This Row],[Entregas]] -> 1 | V164: =IF(Tabela32[[#This Row],[% Entrega]]>=96%,"Atendeu a Meta","Não Atendeu a Meta") -> Atendeu a Meta | W164: Benevides | X164: 0 | Y164: 0
A165: 46259 | B165: =YEAR(Tabela32[[#This Row],[Data]]) -> 2026 | C165: =MONTH(Tabela32[[#This Row],[Data]]) -> 8 | D165: IXY4731 | E165: 1 | F165: =IFERROR(VLOOKUP(Tabela32[[#This Row],[Placa]],Planilha2!$A$1:$B$12,2,0),"") -> Osvaldo | G165: 15587.3 | H165: 254038.19 | I165: 3476 | J165: =IFERROR(Tabela32[[#This Row],[Valor Frete]]/Tabela32[[#This Row],[Valor Mercadoria]],"") -> 0.061358097 | K165: 0.29166667 | L165: 0.73611111 | M165: =Tabela32[[#This Row],[Hr Chegada]]-Tabela32[[#This Row],[Hr Saida]] -> 0.44444444 | N165: 141946 | O165: 142125 | P165: =Tabela32[[#This Row],[Km Chegada]]-Tabela32[[#This Row],[Km Saída]] -> 179 | Q165: 286 | R165: 18 | S165: 18 | T165: =Tabela32[[#This Row],[Entregas]]-Tabela32[[#This Row],[Realizadas]] -> 0 | U165: =Tabela32[[#This Row],[Realizadas]]/Tabela32[[#This Row],[Entregas]] -> 1 | V165: =IF(Tabela32[[#This Row],[% Entrega]]>=96%,"Atendeu a Meta","Não Atendeu a Meta") -> Atendeu a Meta | W165: Ananindeua | X165: 0 | Y165: 0
A166: 46259 | B166: =YEAR(Tabela32[[#This Row],[Data]]) -> 2026 | C166: =MONTH(Tabela32[[#This Row],[Data]]) -> 8 | D166: RJA2C91 | E166: 11 | F166: =IFERROR(VLOOKUP(Tabela32[[#This Row],[Placa]],Planilha2!$A$1:$B$12,2,0),"") -> Edilson | G166: 26282.29 | H166: 449177.83 | I166: 4351 | J166: =IFERROR(Tabela32[[#This Row],[Valor Frete]]/Tabela32[[#This Row],[Valor Mercadoria]],"") -> 0.058511993 | K166: 0.27083333 | L166: 0.74652778 | M166: =Tabela32[[#This Row],[Hr Chegada]]-Tabela32[[#This Row],[Hr Saida]] -> 0.47569444 | N166: 104135 | O166: 104265 | P166: =Tabela32[[#This Row],[Km Chegada]]-Tabela32[[#This Row],[Km Saída]] -> 130 | Q166: 683 | R166: 44 | S166: 44 | T166: =Tabela32[[#This Row],[Entregas]]-Tabela32[[#This Row],[Realizadas]] -> 0 | U166: =Tabela32[[#This Row],[Realizadas]]/Tabela32[[#This Row],[Entregas]] -> 1 | V166: =IF(Tabela32[[#This Row],[% Entrega]]>=96%,"Atendeu a Meta","Não Atendeu a Meta") -> Atendeu a Meta | W166: Castanhal | X166: 0 | Y166: 38.38
A167: 46259 | B167: =YEAR(Tabela32[[#This Row],[Data]]) -> 2026 | C167: =MONTH(Tabela32[[#This Row],[Data]]) -> 8 | D167: IUG8855 | E167: 1 | F167: =IFERROR(VLOOKUP(Tabela32[[#This Row],[Placa]],Planilha2!$A$1:$B$12,2,0),"") -> Rosinaldo | G167: 5299.47 | H167: 135367.03 | I167: 540 | J167: =IFERROR(Tabela32[[#This Row],[Valor Frete]]/Tabela32[[#This Row],[Valor Mercadoria]],"") -> 0.039148898 | K167: 0.29166667 | L167: 0.73611111 | M167: =Tabela32[[#This Row],[Hr Chegada]]-Tabela32[[#This Row],[Hr Saida]] -> 0.44444444 | N167: 290557 | O167: 290615 | P167: =Tabela32[[#This Row],[Km Chegada]]-Tabela32[[#This Row],[Km Saída]] -> 58 | Q167: 105 | R167: 7 | S167: 7 | T167: =Tabela32[[#This Row],[Entregas]]-Tabela32[[#This Row],[Realizadas]] -> 0 | U167: =Tabela32[[#This Row],[Realizadas]]/Tabela32[[#This Row],[Entregas]] -> 1 | V167: =IF(Tabela32[[#This Row],[% Entrega]]>=96%,"Atendeu a Meta","Não Atendeu a Meta") -> Atendeu a Meta | W167: Ananindeua | X167: 0 | Y167: 38.38
A168: 46259 | B168: =YEAR(Tabela32[[#This Row],[Data]]) -> 2026 | C168: =MONTH(Tabela32[[#This Row],[Data]]) -> 8 | D168: IUG8744 | E168: 1 | F168: =IFERROR(VLOOKUP(Tabela32[[#This Row],[Placa]],Planilha2!$A$1:$B$12,2,0),"") -> Sandro | G168: 4376.83 | H168: 105895.2 | I168: 391 | J168: =IFERROR(Tabela32[[#This Row],[Valor Frete]]/Tabela32[[#This Row],[Valor Mercadoria]],"") -> 0.041331713 | K168: 0.27083333 | L168: 0.74861111 | M168: =Tabela32[[#This Row],[Hr Chegada]]-Tabela32[[#This Row],[Hr Saida]] -> 0.47777778 | N168: 274901 | O168: 274963 | P168: =Tabela32[[#This Row],[Km Chegada]]-Tabela32[[#This Row],[Km Saída]] -> 62 | Q168: 114 | R168: 5 | S168: 5 | T168: =Tabela32[[#This Row],[Entregas]]-Tabela32[[#This Row],[Realizadas]] -> 0 | U168: =Tabela32[[#This Row],[Realizadas]]/Tabela32[[#This Row],[Entregas]] -> 1 | V168: =IF(Tabela32[[#This Row],[% Entrega]]>=96%,"Atendeu a Meta","Não Atendeu a Meta") -> Atendeu a Meta | W168: Benevides | X168: 0 | Y168: 0
...
